{"SHS50x50x2_5": {"nmb": "SHS50x50x2.5", "b": 0.05, "h": 0.05, "e": 0.0025, "P": 3.54, "A": 0.000451, "Iz": 1.79e-07, "Iy": 1.79e-07, "Wzel": 7.16e-06, "Wzpl": 8.47e-06, "iz": 0.0199, "iy": 0.0199, "It": 2.68e-07, "E": 210000000000.0, "nu": 0.3}, "SHS50x50x3": {"nmb": "SHS50x50x3", "b": 0.05, "h": 0.05, "e": 0.003, "P": 4.22, "A": 0.000537, "Iz": 2.08e-07, "Iy": 2.08e-07, "Wzel": 8.34e-06, "Wzpl": 9.95e-06, "iz": 0.0197, "iy": 0.0197, "It": 3.11e-07, "E": 210000000000.0, "nu": 0.3}, "SHS50x50x4": {"nmb": "SHS50x50x4", "b": 0.05, "h": 0.05, "e": 0.004, "P": 5.52, "A": 0.000703, "Iz": 2.62e-07, "Iy": 2.62e-07, "Wzel": 1.046e-05, "Wzpl": 1.273e-05, "iz": 0.0193, "iy": 0.0193, "It": 3.89e-07, "E": 210000000000.0, "nu": 0.3}, "SHS50x50x5": {"nmb": "SHS50x50x5", "b": 0.05, "h": 0.05, "e": 0.005, "P": 6.78, "A": 0.000864, "Iz": 3.08e-07, "Iy": 3.08e-07, "Wzel": 1.23e-05, "Wzpl": 1.525e-05, "iz": 0.0189, "iy": 0.0189, "It": 4.56e-07, "E": 210000000000.0, "nu": 0.3}, "SHS60x60x2": {"nmb": "SHS60x60x2", "b": 0.06, "h": 0.06, "e": 0.002, "P": 3.6, "A": 0.000458, "Iz": 2.6e-07, "Iy": 2.6e-07, "Wzel": 8.68e-06, "Wzpl": 1.01e-05, "iz": 0.0238, "iy": 0.0238, "It": 3.9e-07, "E": 210000000000.0, "nu": 0.3}, "SHS60x60x3": {"nmb": "SHS60x60x3", "b": 0.06, "h": 0.06, "e": 0.003, "P": 5.32, "A": 0.000678, "Iz": 3.71e-07, "Iy": 3.71e-07, "Wzel": 1.238e-05, "Wzpl": 1.463e-05, "iz": 0.0234, "iy": 0.0234, "It": 5.56e-07, "E": 210000000000.0, "nu": 0.3}, "SHS60x60x4": {"nmb": "SHS60x60x4", "b": 0.06, "h": 0.06, "e": 0.004, "P": 7, "A": 0.000892, "Iz": 4.71e-07, "Iy": 4.71e-07, "Wzel": 1.569e-05, "Wzpl": 1.885e-05, "iz": 0.023, "iy": 0.023, "It": 7.02e-07, "E": 210000000000.0, "nu": 0.3}, "SHS60x60x5": {"nmb": "SHS60x60x5", "b": 0.06, "h": 0.06, "e": 0.005, "P": 8.63, "A": 0.001099, "Iz": 5.59e-07, "Iy": 5.59e-07, "Wzel": 1.864e-05, "Wzpl": 2.275e-05, "iz": 0.0226, "iy": 0.0226, "It": 8.32e-07, "E": 210000000000.0, "nu": 0.3}, "SHS70x70x2": {"nmb": "SHS70x70x2", "b": 0.07, "h": 0.07, "e": 0.002, "P": 4.34, "A": 0.000553, "Iz": 4.2e-07, "Iy": 4.2e-07, "Wzel": 1.199e-05, "Wzpl": 1.388e-05, "iz": 0.0276, "iy": 0.0276, "It": 6.29e-07, "E": 210000000000.0, "nu": 0.3}, "SHS70x70x3": {"nmb": "SHS70x70x3", "b": 0.07, "h": 0.07, "e": 0.003, "P": 6.43, "A": 0.00082, "Iz": 6.03e-07, "Iy": 6.03e-07, "Wzel": 1.722e-05, "Wzpl": 2.021e-05, "iz": 0.0271, "iy": 0.0271, "It": 9.02e-07, "E": 210000000000.0, "nu": 0.3}, "SHS70x70x4": {"nmb": "SHS70x70x4", "b": 0.07, "h": 0.07, "e": 0.004, "P": 8.48, "A": 0.00108, "Iz": 7.69e-07, "Iy": 7.69e-07, "Wzel": 2.198e-05, "Wzpl": 2.617e-05, "iz": 0.0267, "iy": 0.0267, "It": 1.15e-06, "E": 210000000000.0, "nu": 0.3}, "SHS70x70x5": {"nmb": "SHS70x70x5", "b": 0.07, "h": 0.07, "e": 0.005, "P": 10.48, "A": 0.001335, "Iz": 9.21e-07, "Iy": 9.21e-07, "Wzel": 2.631e-05, "Wzpl": 3.175e-05, "iz": 0.0263, "iy": 0.0263, "It": 1.373e-06, "E": 210000000000.0, "nu": 0.3}, "SHS75x75x2": {"nmb": "SHS75x75x2", "b": 0.075, "h": 0.075, "e": 0.002, "P": 4.54, "A": 0.000578, "Iz": 5.19e-07, "Iy": 5.19e-07, "Wzel": 1.384e-05, "Wzpl": 1.599e-05, "iz": 0.03, "iy": 0.03, "It": 7.78e-07, "E": 210000000000.0, "nu": 0.3}, "SHS75x75x3": {"nmb": "SHS75x75x3", "b": 0.075, "h": 0.075, "e": 0.003, "P": 6.73, "A": 0.000857, "Iz": 7.48e-07, "Iy": 7.48e-07, "Wzel": 1.994e-05, "Wzpl": 2.334e-05, "iz": 0.0295, "iy": 0.0295, "It": 1.12e-06, "E": 210000000000.0, "nu": 0.3}, "SHS75x75x4": {"nmb": "SHS75x75x4", "b": 0.075, "h": 0.075, "e": 0.004, "P": 8.87, "A": 0.00113, "Iz": 9.57e-07, "Iy": 9.57e-07, "Wzel": 2.553e-05, "Wzpl": 3.028e-05, "iz": 0.0291, "iy": 0.0291, "It": 1.432e-06, "E": 210000000000.0, "nu": 0.3}, "SHS75x75x5": {"nmb": "SHS75x75x5", "b": 0.075, "h": 0.075, "e": 0.005, "P": 10.97, "A": 0.001397, "Iz": 1.149e-06, "Iy": 1.149e-06, "Wzel": 3.064e-05, "Wzpl": 3.681e-05, "iz": 0.0287, "iy": 0.0287, "It": 1.715e-06, "E": 210000000000.0, "nu": 0.3}, "SHS80x80x2": {"nmb": "SHS80x80x2", "b": 0.08, "h": 0.08, "e": 0.002, "P": 4.83, "A": 0.000615, "Iz": 6.33e-07, "Iy": 6.33e-07, "Wzel": 1.583e-05, "Wzpl": 1.826e-05, "iz": 0.0321, "iy": 0.0321, "It": 9.49e-07, "E": 210000000000.0, "nu": 0.3}, "SHS80x80x3": {"nmb": "SHS80x80x3", "b": 0.08, "h": 0.08, "e": 0.003, "P": 7.17, "A": 0.000914, "Iz": 9.14e-07, "Iy": 9.14e-07, "Wzel": 2.286e-05, "Wzpl": 2.669e-05, "iz": 0.0316, "iy": 0.0316, "It": 1.37e-06, "E": 210000000000.0, "nu": 0.3}, "SHS80x80x4": {"nmb": "SHS80x80x4", "b": 0.08, "h": 0.08, "e": 0.004, "P": 9.47, "A": 0.001206, "Iz": 1.174e-06, "Iy": 1.174e-06, "Wzel": 2.935e-05, "Wzpl": 3.469e-05, "iz": 0.0312, "iy": 0.0312, "It": 1.756e-06, "E": 210000000000.0, "nu": 0.3}, "SHS80x80x5": {"nmb": "SHS80x80x5", "b": 0.08, "h": 0.08, "e": 0.005, "P": 11.71, "A": 0.001492, "Iz": 1.413e-06, "Iy": 1.413e-06, "Wzel": 3.531e-05, "Wzpl": 4.225e-05, "iz": 0.0308, "iy": 0.0308, "It": 2.109e-06, "E": 210000000000.0, "nu": 0.3}, "SHS80x80x6": {"nmb": "SHS80x80x6", "b": 0.08, "h": 0.08, "e": 0.006, "P": 13.9, "A": 0.001771, "Iz": 1.632e-06, "Iy": 1.632e-06, "Wzel": 4.079e-05, "Wzpl": 4.939e-05, "iz": 0.0304, "iy": 0.0304, "It": 2.431e-06, "E": 210000000000.0, "nu": 0.3}, "SHS90x90x2": {"nmb": "SHS90x90x2", "b": 0.09, "h": 0.09, "e": 0.002, "P": 5.57, "A": 0.00071, "Iz": 9.09e-07, "Iy": 9.09e-07, "Wzel": 2.02e-05, "Wzpl": 2.324e-05, "iz": 0.0358, "iy": 0.0358, "It": 1.363e-06, "E": 210000000000.0, "nu": 0.3}, "SHS90x90x3": {"nmb": "SHS90x90x3", "b": 0.09, "h": 0.09, "e": 0.003, "P": 8.28, "A": 0.001055, "Iz": 1.319e-06, "Iy": 1.319e-06, "Wzel": 2.93e-05, "Wzpl": 3.407e-05, "iz": 0.0354, "iy": 0.0354, "It": 1.976e-06, "E": 210000000000.0, "nu": 0.3}, "SHS90x90x4": {"nmb": "SHS90x90x4", "b": 0.09, "h": 0.09, "e": 0.004, "P": 10.94, "A": 0.001394, "Iz": 1.7e-06, "Iy": 1.7e-06, "Wzel": 3.777e-05, "Wzpl": 4.441e-05, "iz": 0.0349, "iy": 0.0349, "It": 2.544e-06, "E": 210000000000.0, "nu": 0.3}, "SHS90x90x5": {"nmb": "SHS90x90x5", "b": 0.09, "h": 0.09, "e": 0.005, "P": 13.56, "A": 0.001727, "Iz": 2.054e-06, "Iy": 2.054e-06, "Wzel": 4.565e-05, "Wzpl": 5.425e-05, "iz": 0.0345, "iy": 0.0345, "It": 3.071e-06, "E": 210000000000.0, "nu": 0.3}, "SHS90x90x6": {"nmb": "SHS90x90x6", "b": 0.09, "h": 0.09, "e": 0.006, "P": 16.12, "A": 0.002054, "Iz": 2.383e-06, "Iy": 2.383e-06, "Wzel": 5.295e-05, "Wzpl": 6.361e-05, "iz": 0.0341, "iy": 0.0341, "It": 3.556e-06, "E": 210000000000.0, "nu": 0.3}, "SHS100x100x3": {"nmb": "SHS100x100x3", "b": 0.1, "h": 0.1, "e": 0.003, "P": 9.02, "A": 0.001149, "Iz": 1.827e-06, "Iy": 1.827e-06, "Wzel": 3.654e-05, "Wzpl": 4.235e-05, "iz": 0.0399, "iy": 0.0399, "It": 2.738e-06, "E": 210000000000.0, "nu": 0.3}, "SHS100x100x4": {"nmb": "SHS100x100x4", "b": 0.1, "h": 0.1, "e": 0.004, "P": 11.93, "A": 0.00152, "Iz": 2.363e-06, "Iy": 2.363e-06, "Wzel": 4.727e-05, "Wzpl": 5.533e-05, "iz": 0.0394, "iy": 0.0394, "It": 3.539e-06, "E": 210000000000.0, "nu": 0.3}, "SHS100x100x5": {"nmb": "SHS100x100x5", "b": 0.1, "h": 0.1, "e": 0.005, "P": 14.79, "A": 0.001884, "Iz": 2.866e-06, "Iy": 2.866e-06, "Wzel": 5.732e-05, "Wzpl": 6.775e-05, "iz": 0.039, "iy": 0.039, "It": 4.287e-06, "E": 210000000000.0, "nu": 0.3}, "SHS100x100x6": {"nmb": "SHS100x100x6", "b": 0.1, "h": 0.1, "e": 0.006, "P": 17.6, "A": 0.002242, "Iz": 3.336e-06, "Iy": 3.336e-06, "Wzel": 6.672e-05, "Wzpl": 7.963e-05, "iz": 0.0386, "iy": 0.0386, "It": 4.984e-06, "E": 210000000000.0, "nu": 0.3}, "SHS100x100x7": {"nmb": "SHS100x100x7", "b": 0.1, "h": 0.1, "e": 0.007, "P": 20.36, "A": 0.002594, "Iz": 3.775e-06, "Iy": 3.775e-06, "Wzel": 7.55e-05, "Wzpl": 9.099e-05, "iz": 0.0382, "iy": 0.0382, "It": 5.63e-06, "E": 210000000000.0, "nu": 0.3}, "SHS110x110x3": {"nmb": "SHS110x110x3", "b": 0.11, "h": 0.11, "e": 0.003, "P": 9.76, "A": 0.001243, "Iz": 2.452e-06, "Iy": 2.452e-06, "Wzel": 4.458e-05, "Wzpl": 5.153e-05, "iz": 0.0444, "iy": 0.0444, "It": 3.675e-06, "E": 210000000000.0, "nu": 0.3}, "SHS110x110x4": {"nmb": "SHS110x110x4", "b": 0.11, "h": 0.11, "e": 0.004, "P": 12.92, "A": 0.001645, "Iz": 3.181e-06, "Iy": 3.181e-06, "Wzel": 5.783e-05, "Wzpl": 6.745e-05,