{"AU_14": {"nmb": "AU_14", "P": 77.9, "h": 0.408, "b": 0.75, "s": 0.0083, "t": 0.01, "A": 0.01323, "Iz": 0.0002888, "Wzel": 0.001405, "Wzpl": 1.663e-05, "Szel": 0.00082, "E": 210000000000.0, "nu": 0.3}, "AU_16": {"nmb": "AU_16", "P": 86.3, "h": 0.411, "b": 0.75, "s": 0.0093, "t": 0.0115, "A": 0.01465, "Iz": 0.0003285, "Wzel": 0.0016, "Wzpl": 1.891e-05, "Szel": 0.000935, "E": 210000000000.0, "nu": 0.3}, "AU_18": {"nmb": "AU_18", "P": 88.5, "h": 0.441, "b": 0.75, "s": 0.0091, "t": 0.0105, "A": 0.01503, "Iz": 0.000393, "Wzel": 0.00178, "Wzpl": 2.082e-05, "Szel": 0.00103, "E": 210000000000.0, "nu": 0.3}, "AU_20": {"nmb": "AU_20", "P": 96.9, "h": 0.444, "b": 0.75, "s": 0.01, "t": 0.012, "A": 0.01646, "Iz": 0.0004444, "Wzel": 0.002, "Wzpl": 2.339e-05, "Szel": 0.001155, "E": 210000000000.0, "nu": 0.3}, "AU_23": {"nmb": "AU_23", "P": 102.1, "h": 0.447, "b": 0.75, "s": 0.0095, "t": 0.013, "A": 0.01734, "Iz": 0.000507, "Wzel": 0.00227, "Wzpl": 2.6e-05, "Szel": 0.001285, "E": 210000000000.0, "nu": 0.3}, "AU_25": {"nmb": "AU_25", "P": 110.4, "h": 0.45, "b": 0.75, "s": 0.0102, "t": 0.0145, "A": 0.01875, "Iz": 0.0005624, "Wzel": 0.0025, "Wzpl": 2.866e-05, "Szel": 0.00142, "E": 210000000000.0, "nu": 0.3}}