{"HL_920_x_345w": {"nmb": "HL_920_x_345w", "P": 345, "h": 0.927, "b": 0.418, "tw": 0.0193, "tf": 0.032, "r": 0.019, "A": 0.04372, "hi": 0.863, "d": 0.825, "FI": "M27", "Pmin": 0.126, "Pmax": 0.312, "AL": 3.45, "AG": 10.07, "Iz": 0.00645, "Wzel": 0.01392, "Wzpl": 0.0157, "iz": 0.3841, "Avy": 0.0188, "Iy": 0.0003901, "Wyel": 0.001867, "Wypl": 0.00288, "iy": 0.0945, "Ss": 0.1056, "It": 1.159e-05, "E": 210000000000.0, "nu": 0.3}, "HL_920_x_368w": {"nmb": "HL_920_x_368w", "P": 368, "h": 0.931, "b": 0.419, "tw": 0.0203, "tf": 0.0343, "r": 0.019, "A": 0.04656, "hi": 0.8624, "d": 0.8244, "FI": "M27", "Pmin": 0.128, "Pmax": 0.314, "AL": 3.46, "AG": 9.48, "Iz": 0.006922, "Wzel": 0.01487, "Wzpl": 0.01679, "iz": 0.3856, "Avy": 0.01982, "Iy": 0.0004212, "Wyel": 0.00201, "Wypl": 0.003104, "iy": 0.0951, "Ss": 0.1112, "It": 1.408e-05, "E": 210000000000.0, "nu": 0.3}, "HL_920_x_390w": {"nmb": "HL_920_x_390w", "P": 390, "h": 0.936, "b": 0.42, "tw": 0.0213, "tf": 0.0366, "r": 0.019, "A": 0.04943, "hi": 0.8628, "d": 0.8248, "FI": "M27", "Pmin": 0.128, "Pmax": 0.314, "AL": 3.48, "AG": 8.96, "Iz": 0.007417, "Wzel": 0.01585, "Wzpl": 0.01792, "iz": 0.3874, "Avy": 0.02086, "Iy": 0.0004527, "Wyel": 0.002156, "Wypl": 0.003331, "iy": 0.0957, "Ss": 0.1168, "It": 1.691e-05, "E": 210000000000.0, "nu": 0.3}, "HL_920_x_420w": {"nmb": "HL_920_x_420w", "P": 420, "h": 0.943, "b": 0.422, "tw": 0.0225, "tf": 0.0399, "r": 0.019, "A": 0.05341, "hi": 0.8632, "d": 0.8252, "FI": "M27", "Pmin": 0.13, "Pmax": 0.316, "AL": 3.5, "AG": 8.34, "Iz": 0.008133, "Wzel": 0.01725, "Wzpl": 0.01953, "iz": 0.3902, "Avy": 0.02215, "Iy": 0.0005007, "Wyel": 0.002373, "Wypl": 0.003667, "iy": 0.0968, "Ss": 0.1246, "It": 2.151e-05, "E": 210000000000.0, "nu": 0.3}, "HL_920_x_449w": {"nmb": "HL_920_x_449w", "P": 449, "h": 0.948, "b": 0.423, "tw": 0.024, "tf": 0.0427, "r": 0.019, "A": 0.05714, "hi": 0.8626, "d": 0.8246, "FI": "M27", "Pmin": 0.13, "Pmax": 0.318, "AL": 3.51, "AG": 7.82, "Iz": 0.008747, "Wzel": 0.01845, "Wzpl": 0.02095, "iz": 0.3913, "Avy": 0.02366, "Iy": 0.0005397, "Wyel": 0.002552, "Wypl": 0.003949, "iy": 0.0972, "Ss": 0.1317, "It": 2.627e-05, "E": 210000000000.0, "nu": 0.3}, "HL_920_x_491w": {"nmb": "HL_920_x_491w", "P": 491, "h": 0.957, "b": 0.422, "tw": 0.0259, "tf": 0.047, "r": 0.019, "A": 0.06233, "hi": 0.863, "d": 0.825, "FI": "M27", "Pmin": 0.132, "Pmax": 0.316, "AL": 3.52, "AG": 7.19, "Iz": 0.009663, "Wzel": 0.0202, "Wzpl": 0.023, "iz": 0.3937, "Avy": 0.02566, "Iy": 0.00059, "Wyel": 0.002796, "Wypl": 0.004335, "iy": 0.0973, "Ss": 0.1422, "It": 3.441e-05, "E": 210000000000.0, "nu": 0.3}, "HL_920_x_537w": {"nmb": "HL_920_x_537w", "P": 537, "h": 0.965, "b": 0.425, "tw": 0.0284, "tf": 0.0511, "r": 0.019, "A": 0.06825, "hi": 0.8628, "d": 0.8248, "FI": "M27", "Pmin": 0.136, "Pmax": 0.32, "AL": 3.54, "AG": 6.61, "Iz": 0.01066, "Wzel": 0.02208, "Wzpl": 0.02527, "iz": 0.3951, "Avy": 0.02821, "Iy": 0.0006555, "Wyel": 0.003085, "Wypl": 0.004795, "iy": 0.098, "Ss": 0.1529, "It": 4.447e-05, "E": 210000000000.0, "nu": 0.3}, "HL_920_x_588w": {"nmb": "HL_920_x_588w", "P": 588, "h": 0.976, "b": 0.427, "tw": 0.031, "tf": 0.0559, "r": 0.019, "A": 0.07484, "hi": 0.8642, "d": 0.8262, "FI": "M27", "Pmin": 0.138, "Pmax": 0.322, "AL": 3.57, "AG": 6.07, "Iz": 0.01184, "Wzel": 0.02426, "Wzpl": 0.02788, "iz": 0.3978, "Avy": 0.03096, "Iy": 0.0007276, "Wyel": 0.003408, "Wypl": 0.00531, "iy": 0.0986, "Ss": 0.1651, "It": 5.808e-05, "E": 210000000000.0, "nu": 0.3}, "HL_920_x_656w": {"nmb": "HL_920_x_656w", "P": 656, "h": 0.987, "b": 0.431, "tw": 0.0345, "tf": 0.062, "r": 0.019, "A": 0.08353, "hi": 0.863, "d": 0.825, "FI": "M27", "Pmin": 0.144, "Pmax": 0.32, "AL": 3.6, "AG": 5.48, "Iz": 0.01335, "Wzel": 0.02706, "Wzpl": 0.03127, "iz": 0.3998, "Avy": 0.03458, "Iy": 0.0008304, "Wyel": 0.003853, "Wypl": 0.006022, "iy": 0.0997, "Ss": 0.1808, "It": 7.95e-05, "E": 210000000000.0, "nu": 0.3}, "HL_920_x_725w": {"nmb": "HL_920_x_725w", "P": 725, "h": 0.999, "b": 0.434, "tw": 0.0381, "tf": 0.0681, "r": 0.019, "A": 0.09229, "hi": 0.8628, "d": 0.8248, "FI": "M27", "Pmin": 0.148, "Pmax": 0.323, "AL": 3.63, "AG": 5, "Iz": 0.01492, "Wzel": 0.02988, "Wzpl": 0.03474, "iz": 0.4021, "Avy": 0.03836, "Iy": 0.000932, "Wyel": 0.004295, "Wypl": 0.006734, "iy": 0.1005, "Ss": 0.1966, "It": 0.0001057, "E": 210000000000.0, "nu": 0.3}, "HL_920_x_787w": {"nmb": "HL_920_x_787w", "P": 787, "h": 1.011, "b": 0.437, "tw": 0.0409, "tf": 0.0739, "r": 0.019, "A": 0.1002, "hi": 0.8632, "d": 0.8252, "FI": "M27", "Pmin": 0.152, "Pmax": 0.326, "AL": 3.66, "AG": 4.65, "Iz": 0.01646, "Wzel": 0.03256, "Wzpl": 0.03801, "iz": 0.4053, "Avy": 0.04145, "Iy": 0.001033, "Wyel": 0.004728, "Wypl": 0.007425, "iy": 0.1015, "Ss": 0.211, "It": 0.0001343, "E": 210000000000.0, "nu": 0.3}, "HL_920_x_970w": {"nmb": "HL_920_x_970w", "P": 970, "h": 1.043, "b": 0.446, "tw": 0.05, "tf": 0.0899, "r": 0.019, "A": 0.12366, "hi": 0.8632, "d": 0.8252, "FI": "M27", "Pmin": 0.16, "Pmax": 0.334, "AL": 3.74, "AG": 3.85, "Iz": 0.021, "Wzel": 0.04027, "Wzpl": 0.04766, "iz": 0.4121, "Avy": 0.05138, "Iy": 0.001339, "Wyel": 0.006002, "Wypl": 0.00949, "iy": 0.104, "Ss": 0.2521, "It": 0.0002432, "E": 210000000000.0, "nu": 0.3}, "HL_1000_AAdot": {"nmb": "HL_1000_AAdot", "P": 296, "h": 0.982, "b": 0.4, "tw": 0.0165, "tf": 0.027, "r": 0.03, "A": 0.03768, "hi": 0.928, "d": 0.868, "FI": "M 27", "Pmin": 0.134, "Pmax": 0.294, "AL": 3.479, "AG": 11.76, "Iz": 0.006187, "Wzel": 0.0126, "Wzpl": 0.01422, "iz": 0.4052, "Avy": 0.01815, "Iy": 0.0002885, "Wyel": 0.001443, "Wypl": 0.002235, "iy": 0.0875, "Ss": 0.1056, "It": 7.569e-06, "E": 210000000000.0, "nu": 0.3}, "HL_1000_Adot": {"nmb": "HL_1000_Adot", "P": 321, "h": 0.99, "b": 0.4, "tw": 0.0165, "tf": 0.031, "r": 0.03, "A": 0.04088, "hi": 0.928, "d": 0.868, "FI": "M 27", "Pmin": 0.134, "Pmax": 0.294, "AL": 3.495, "AG": 10.89, "Iz": 0.006964, "Wzel": 0.01407, "Wzpl": 0.0158, "iz": 0.4127, "Avy": 0.01846, "Iy": 0.0003312, "Wyel": 0.001656, "Wypl": 0.002555, "iy": 0.09, "Ss": 0.1136, "It": 1.021e-05, "E": 210000000000.0, "nu": 0.3}, "HL_1000_Bdot": {"nmb": "HL_1000_Bdot", "P": 371, "h": 1.0, "b": 0.4, "tw": 0.019, "tf": 0.036, "r": 0.03, "A": 0.0472, "hi": 0.928, "d": 0.868, "FI": "M 27", "Pmin": 0.136, "Pmax": 0.294, "AL": 3.51, "AG": 9.474, "Iz": 0.008121, "Wzel": 0.01624, "Wzpl": 0.01833, "iz": 0.4148, "Avy": 0.02125, "Iy": 0.0003848, "Wyel": 0.001924, "Wypl": 0.002976, "iy": 0.0903, "Ss": 0.1261, "It": 1.565e-05, "E": 210000000000.0, "nu": 0.3}, "HL_1000_Mdot": {"nmb": "HL_1000_Mdot", "P": 412, "h": 1.008, "b": 0.402, "tw": 0.021, "tf": 0.04, "r": 0.03, "A": 0.05242, "hi": 0.928, "d": 0.868, "FI": "M 27", "Pmin": 0.142, "Pmax": 0.29, "AL": 3.53, "AG": 8.58, "Iz": 0.009098, "Wzel": 0.01805, "Wzpl": 0.02044, "iz": 0.4166, "Avy": 0.0235, "Iy": 0.0004341, "Wyel": 0.00216, "Wypl": 0.003348, "iy": 0.091, "Ss": 0.1361, "It": 2.128e-05, "E": 210000000000.0, "nu": 0.3}, "HL_1000_x_443dot": {"nmb": "HL_1000_x_443dot", "P": 443, "h": 1.012, "b": 0.402, "tw": 0.0236, "tf": 0.0419, "r": 0.03, "A": 0.05637, "hi": 0.928, "d": 0.868, "FI": "M27", "Pmin": 0.142, "Pmax": 0.296, "AL": 3.53, "AG": 7.99, "Iz": 0.0096651, "Wzel": 0.019101, "Wzpl": 0.021777, "iz": 0.4141, "Avy": 0.02618, "Iy": 0.000455, "Wyel": 0.002264, "Wypl": 0.003529, "iy": 0.0898, "Ss": 0.1425, "It": 2.545e-05, "E": 210000000000.0, "nu": 0.3}, "HL_1000_x_483dot": {"nmb": "HL_1000_x_483dot", "P": 483, "h": 1.02, "b": 0.404, "tw": 0.0254, "tf": 0.046, "r": 0.03, "A": 0.06151, "hi": 0.928, "d": 0.868, "FI": "M 27", "Pmin": 0.144, "Pmax": 0.298, "AL": 3.55, "AG": 7.36, "Iz": 0.0106748, "Wzel": 0.020931, "Wzpl": 0.023923, "iz": 0.4166, "Avy": 0.02827, "Iy": 0.0005071, "Wyel": 0.00251, "Wypl": 0.003919, "iy": 0.0908, "Ss": 0.1525, "It": 3.311e-05, "E": 210000000000.0, "nu": 0.3}, "HL_1000_x_539dot": {"nmb": "HL_1000_x_539dot", "P": 539, "h": 1.03, "b": 0.407, "tw": 0.0284, "tf": 0.0511, "r": 0.03, "A": 0.06872, "hi": 0.928, "d": 0.868, "FI": "M 27", "Pmin": 0.146, "Pmax": 0.302, "AL": 3.58, "AG": 6.64, "Iz": 0.0120254,