{"R10": {"nmb": "R10", "d": 0.01, "r": 0.005, "P": 0.617, "A": 7.85e-05, "E": 210000000000.0, "nu": 0.3}, "R12": {"nmb": "R12", "d": 0.012, "r": 0.006, "P": 0.888, "A": 0.000113, "E": 210000000000.0, "nu": 0.3}, "R14": {"nmb": "R14", "d": 0.014, "r": 0.007, "P": 1.21, "A": 0.000154, "E": 210000000000.0, "nu": 0.3}, "R16": {"nmb": "R16", "d": 0.016, "r": 0.008, "P": 1.58, "A": 0.000201, "E": 210000000000.0, "nu": 0.3}, "R18": {"nmb": "R18", "d": 0.018, "r": 0.009, "P": 2, "A": 0.000254, "E": 210000000000.0, "nu": 0.3}, "R20": {"nmb": "R20", "d": 0.02, "r": 0.01, "P": 2.47, "A": 0.000314, "E": 210000000000.0, "nu": 0.3}, "R22": {"nmb": "R22", "d": 0.022, "r": 0.011, "P": 2.98, "A": 0.00038, "E": 210000000000.0, "nu": 0.3}, "R22_25": {"nmb": "R22_25", "d": 0.02225, "r": 0.011125, "P": 3.05, "A": 0.000389, "E": 210000000000.0, "nu": 0.3}, "R23_6": {"nmb": "R23_6", "d": 0.0236, "r": 0.0118, "P": 3.43, "A": 0.000437, "E": 210000000000.0, "nu": 0.3}, "R24": {"nmb": "R24", "d": 0.024, "r": 0.012, "P": 3.55, "A": 0.000452, "E": 210000000000.0, "nu": 0.3}, "R24_5": {"nmb": "R24_5", "d": 0.0245, "r": 0.01225, "P": 3.7, "A": 0.000471, "E": 210000000000.0, "nu": 0.3}, "R25": {"nmb": "R25", "d": 0.025, "r": 0.0125, "P": 3.85, "A": 0.000491, "E": 210000000000.0, "nu": 0.3}, "R26": {"nmb": "R26", "d": 0.026, "r": 0.013, "P": 4.17, "A": 0.000531, "E": 210000000000.0, "nu": 0.3}, "R26_7": {"nmb": "R26_7", "d": 0.0267, "r": 0.01335, "P": 4.4, "A": 0.00056, "E": 210000000000.0, "nu": 0.3}, "R27": {"nmb": "R27", "d": 0.027, "r": 0.0135, "P": 4.49, "A": 0.000573, "E": 210000000000.0, "nu": 0.3}, "R28": {"nmb": "R28", "d": 0.028, "r": 0.014, "P": 4.83, "A": 0.000616, "E": 210000000000.0, "nu": 0.3}, "R29": {"nmb": "R29", "d": 0.029, "r": 0.0145, "P": 5.19, "A": 0.000661, "E": 210000000000.0, "nu": 0.3}, "R29_5": {"nmb": "R29_5", "d": 0.0295, "r": 0.01475, "P": 5.37, "A": 0.000683, "E": 210000000000.0, "nu": 0.3}, "R29_7": {"nmb": "R29_7", "d": 0.0297, "r": 0.01485, "P": 5.44, "A": 0.000693, "E": 210000000000.0, "nu": 0.3}, "R30": {"nmb": "R30", "d": 0.03, "r": 0.015, "P": 5.55, "A": 0.000707, "E": 210000000000.0, "nu": 0.3}, "R31": {"nmb": "R31", "d": 0.031, "r": 0.0155, "P": 5.92, "A": 0.000755, "E": 210000000000.0, "nu": 0.3}, "R32": {"nmb": "R32", "d": 0.032, "r": 0.016, "P": 6.31, "A": 0.000804, "E": 210000000000.0, "nu": 0.3}, "R34": {"nmb": "R34", "d": 0.034, "r": 0.017, "P": 7.13, "A": 0.000908, "E": 210000000000.0, "nu": 0.3}, "R34_4": {"nmb": "R34_4", "d": 0.0344, "r": 0.0172, "P": 7.3, "A": 0.000929, "E": 210000000000.0, "nu": 0.3}, "R35": {"nmb": "R35", "d": 0.035, "r": 0.0175, "P": 7.55, "A": 0.000962, "E": 210000000000.0, "nu": 0.3}, "R35_7": {"nmb": "R35_7", "d": 0.0357, "r": 0.01785, "P": 7.86, "A": 0.001, "E": 210000000000.0, "nu": 0.3}, "R36": {"nmb": "R36", "d": 0.036, "r": 0.018, "P": 7.99, "A": 0.00102, "E": 210000000000.0, "nu": 0.3}, "R37": {"nmb": "R37", "d": 0.037, "r": 0.0185, "P": 8.44, "A": 0.00108, "E": 210000000000.0, "nu": 0.3}, "R38": {"nmb": "R38", "d": 0.038, "r": 0.019, "P": 8.9, "A": 0.00113, "E": 210000000000.0, "nu": 0.3}, "R39": {"nmb": "R39", "d": 0.039, "r": 0.0195, "P": 9.38, "A": 0.00119, "E": 210000000000.0, "nu": 0.3}, "R39_2": {"nmb": "R39_2", "d": 0.0392, "r": 0.0196, "P": 9.47, "A": 0.00121, "E": 210000000000.0, "nu": 0.3}, "R40": {"nmb": "R40", "d": 0.04, "r": 0.02, "P": 9.86, "A": 0.00126, "E": 210000000000.0, "nu": 0.3}, "R42": {"nmb": "R42", "d": 0.042, "r": 0.021, "P": 10.9, "A": 0.00139, "E": 210000000000.0, "nu": 0.3}, "R44": {"nmb": "R44", "d": 0.044, "r": 0.022, "P": 11.9, "A": 0.00152, "E": 210000000000.0, "nu": 0.3}, "R45": {"nmb": "R45", "d": 0.045, "r": 0.0225, "P": 12.5, "A": 0.00159, "E": 210000000000.0, "nu": 0.3}, "R46": {"nmb": "R46", "d": 0.046, "r": 0.023, "P": 13, "A": 0.00166, "E": 210000000000.0, "nu": 0.3}, "R47": {"nmb": "R47", "d": 0.047, "r": 0.0235, "P": 13.6, "A": 0.00173, "E": 210000000000.0, "nu": 0.3}, "R48": {"nmb": "R48", "d": 0.048, "r": 0.024, "P": 14.2, "A": 0.00181, "E": 210000000000.0, "nu": 0.3}, "R49_2": {"nmb": "R49_2", "d": 0.0492, "r": 0.0246, "P": 14.9, "A": 0.0019, "E": 210000000000.0, "nu": 0.3}, "R50": {"nmb": "R50", "d": 0.05, "r": 0.025, "P": 15.4, "A": 0.00196, "E": 210000000000.0, "nu": 0.3}, "R51": {"nmb": "R51", "d": 0.051, "r": 0.0255, "P": 16, "A": 0.00204, "E": 210000000000.0, "nu": 0.3}, "R52": {"nmb": "R52", "d": 0.052, "r": 0.026, "P": 16.7, "A": 0.00212, "E": 210000000000.0, "nu": 0.3}, "R53": {"nmb": "R53", "d": 0.053, "r": 0.0265, "P": 17.3, "A": 0.00221, "E": 210000000000.0, "nu": 0.3}, "R54": {"nmb": "R54", "d": 0.054, "r": 0.027, "P": 18, "A": 0.00229, "E": 210000000000.0, "nu": 0.3}, "R55": {"nmb": "R55", "d": 0.055, "r": 0.0275, "P": 18.7, "A": 0.00238, "E": 210000000000.0, "nu": 0.3}, "R55_8": {"nmb": "R55_8", "d": 0.0558, "r": 0.0279, "P": 19.2, "A": 0.00245, "E": 210000000000.0, "nu": 0.3}, "R56": {"nmb": "R56", "d": 0.056, "r": 0.028, "P": 19.3, "A": 0.00246, "E": 210000000000.0, "nu": 0.3}, "R57": {"nmb": "R57", "d": 0.057, "r": 0.0285, "P": 20, "A": 0.00255, "E": 210000000000.0, "nu": 0.3}, "R58": {"nmb": "R58", "d": 0.058, "r": 0.029, "P": 20.7, "A": 0.00264, "E": 210000000000.0, "nu": 0.3}, "R59": {"nmb": "R59", "d": 0.059, "r": 0.0295, "P": 21.5, "A": 0.00273, "E": 210000000000.0, "nu": 0.3}, "R60": {"nmb": "R60", "d": 0.06, "r": 0.03, "P": 22.2, "A": 0.00283, "E": 210000000000.0, "nu": 0.3}, "R62": {"nmb": "R62", "d": 0.062, "r": 0.031, "P": 23.7, "A": 0.00302, "E": 210000000000.0, "nu": 0.3}, "R63": {"nmb": "R63", "d": 0.063, "r": 0.0315, "P": 24.5, "A": 0.00312, "E": 210000000000.0, "nu": 0.3}, "R65": {"nmb": "R65", "d": 0.065, "r": 0.0325, "P": 26, "A": 0.00332, "E": 210000000000.0, "nu": 0.3}, "R70": {"nmb": "R70", "d": 0.07, "r": 0.035, "P": 30.2, "A": 0.00385, "E": 210000000000.0, "nu": 0.3}, "R75": {"nmb": "R75", "d": 0.075, "r": 0.0375, "P": 34.7, "A": 0.00442, "E": 210000000000.0, "nu": 0.3}, "R80": {"nmb": "R80", "d": 0.08, "r": 0.04, "P": 39.5, "A": 0.00503, "E": 210000000000.0, "nu": 0.3}, "R85": {"nmb": "R85", "d": 0.085, "r": 0.0425, "P": 44.5, "A": 0.00567, "E": 210000000000.0, "nu": 0.3}, "R90": {"nmb": "R90", "d": 0.09, "r": 0.045, "P": 49.9, "A": 0.00636, "E": 210000000000.0, "nu": 0.3}, "R95": {"nmb": "R95", "d": 0.095, "r": 0.0475, "P": 55.6, "A": 0.00709, "E": 210000000000.0, "nu": 0.3}, "R100": {"nmb": "R100", "d": 0.1, "r": 0.05, "P": 61.7, "A": 0.00785, "E": 210000000000.0, "nu": 0.3}, "R105": {"nmb": "R105", "d": 0.105, "r": 0.0525, "P": 68, "A": 0.00866, "E": 210000000000.0, "nu": 0.3}, "R110": {"nmb": "R110", "d": 0.11, "r": 0.055, "P": 74.6, "A": 0.0095, "E": 210000000000.0, "nu": 0.3}, "R120": {"nmb": "R120", "d": 0.12, "r": 0.06, "P": 88.8, "A": 0.0113, "E": 210000000000.0, "nu": 0.3}, "R130": {"nmb": "R130", "d": 0.13, "r": 0.065, "P": 104, "A": 0.0133, "E": 210000000000.0, "nu": 0.3}}