{"IPN_80": {"nmb": "IPN_80", "P": 5.9, "h": 0.08, "b": 0.042, "tw": 0.0039, "tf": 0.0059, "r1": 0.0039, "r2": 0.0023, "A": 0.000758, "d": 0.059, "FI": "-", "Pmin": 0.0, "Pmax": 0.0, "AL": 0.304, "AG": 51.09, "Iz": 7.78e-07, "Wzel": 1.95e-05, "Wzpl": 2.28e-05, "iz": 0.032, "Avy": 0.000341, "Iy": 6.29e-08, "Wyel": 3e-06, "Wypl": 5e-06, "iy": 0.0091, "Ss": 0.0216, "It": 8.7e-09, "E": 210000000000.0, "nu": 0.3}, "IPN_100": {"nmb": "IPN_100", "P": 8.3, "h": 0.1, "b": 0.05, "tw": 0.0045, "tf": 0.0068, "r1": 0.0045, "r2": 0.0027, "A": 0.00106, "d": 0.0757, "FI": "-", "Pmin": 0.0, "Pmax": 0.0, "AL": 0.37, "AG": 44.47, "Iz": 1.71e-06, "Wzel": 3.42e-05, "Wzpl": 3.98e-05, "iz": 0.0401, "Avy": 0.000485, "Iy": 1.22e-07, "Wyel": 4.88e-06, "Wypl": 8.1e-06, "iy": 0.0107, "Ss": 0.025, "It": 1.6e-08, "E": 210000000000.0, "nu": 0.3}, "IPN_120": {"nmb": "IPN_120", "P": 11.1, "h": 0.12, "b": 0.058, "tw": 0.0051, "tf": 0.0077, "r1": 0.0051, "r2": 0.0031, "A": 0.00142, "d": 0.0924, "FI": "-", "Pmin": 0.0, "Pmax": 0.0, "AL": 0.439, "AG": 39.38, "Iz": 3.28e-06, "Wzel": 5.47e-05, "Wzpl": 6.36e-05, "iz": 0.0481, "Avy": 0.000663, "Iy": 2.15e-07, "Wyel": 7.41e-06, "Wypl": 1.24e-05, "iy": 0.0123, "Ss": 0.0284, "It": 2.71e-08, "E": 210000000000.0, "nu": 0.3}, "IPN_140": {"nmb": "IPN_140", "P": 14.3, "h": 0.14, "b": 0.066, "tw": 0.0057, "tf": 0.0086, "r1": 0.0057, "r2": 0.0034, "A": 0.00183, "d": 0.1091, "FI": "-", "Pmin": 0.0, "Pmax": 0.0, "AL": 0.502, "AG": 34.94, "Iz": 5.73e-06, "Wzel": 8.19e-05, "Wzpl": 9.54e-05, "iz": 0.0561, "Avy": 0.000865, "Iy": 3.52e-07, "Wyel": 1.07e-05, "Wypl": 1.79e-05, "iy": 0.014, "Ss": 0.0318, "It": 4.32e-08, "E": 210000000000.0, "nu": 0.3}, "IPN_160": {"nmb": "IPN_160", "P": 17.9, "h": 0.16, "b": 0.074, "tw": 0.0063, "tf": 0.0095, "r1": 0.0063, "r2": 0.0038, "A": 0.00228, "d": 0.1258, "FI": "-", "Pmin": 0.0, "Pmax": 0.0, "AL": 0.575, "AG": 32.13, "Iz": 9.35e-06, "Wzel": 0.000117, "Wzpl": 0.000136, "iz": 0.064, "Avy": 0.001083, "Iy": 5.47e-07, "Wyel": 1.48e-05, "Wypl": 2.49e-05, "iy": 0.0155, "Ss": 0.0352, "It": 6.57e-08, "E": 210000000000.0, "nu": 0.3}, "IPN_180": {"nmb": "IPN_180", "P": 21.9, "h": 0.18, "b": 0.082, "tw": 0.0069, "tf": 0.0104, "r1": 0.0069, "r2": 0.0041, "A": 0.00279, "d": 0.1424, "FI": "-", "Pmin": 0.0, "Pmax": 0.0, "AL": 0.64, "AG": 29.22, "Iz": 1.45e-05, "Wzel": 0.000161, "Wzpl": 0.000187, "iz": 0.072, "Avy": 0.001335, "Iy": 8.13e-07, "Wyel": 1.98e-05, "Wypl": 3.32e-05, "iy": 0.0171, "Ss": 0.0386, "It": 9.58e-08, "E": 210000000000.0, "nu": 0.3}, "IPN_200": {"nmb": "IPN_200", "P": 26.2, "h": 0.2, "b": 0.09, "tw": 0.0075, "tf": 0.0113, "r1": 0.0075, "r2": 0.0045, "A": 0.00334, "d": 0.1591, "FI": "-", "Pmin": 0.0, "Pmax": 0.0, "AL": 0.709, "AG": 27.04, "Iz": 2.14e-05, "Wzel": 0.000214, "Wzpl": 0.00025, "iz": 0.08, "Avy": 0.001603, "Iy": 1.17e-06, "Wyel": 2.6e-05, "Wypl": 4.35e-05, "iy": 0.0187, "Ss": 0.042, "It": 1.35e-07, "E": 210000000000.0, "nu": 0.3}, "IPN_220": {"nmb": "IPN_220", "P": 31.1, "h": 0.22, "b": 0.098, "tw": 0.0081, "tf": 0.0122, "r1": 0.0081, "r2": 0.0049, "A": 0.00395, "d": 0.1758, "FI": "M 10", "Pmin": 0.05, "Pmax": 0.056, "AL": 0.775, "AG": 24.99, "Iz": 3.06e-05, "Wzel": 0.000278, "Wzpl": 0.000324, "iz": 0.088, "Avy": 0.001906, "Iy": 1.62e-06, "Wyel": 3.31e-05, "Wypl": 5.57e-05, "iy": 0.0202, "Ss": 0.0454, "It": 1.86e-07, "E": 210000000000.0, "nu": 0.3}, "IPN_240": {"nmb": "IPN_240", "P": 36.2, "h": 0.24, "b": 0.106, "tw": 0.0087, "tf": 0.0131, "r1": 0.0087, "r2": 0.0052, "A": 0.00461, "d": 0.1925, "FI": "M 10", "Pmin": 0.054, "Pmax": 0.06, "AL": 0.844, "AG": 23.32, "Iz": 4.25e-05, "Wzel": 0.000354, "Wzpl": 0.000412, "iz": 0.0959, "Avy": 0.002233, "Iy": 2.21e-06, "Wyel": 4.17e-05, "Wypl": 7e-05, "iy": 0.022, "Ss": 0.0489, "It": 2.5e-07, "E": 210000000000.0, "nu": 0.3}, "IPN_260": {"nmb": "IPN_260", "P": 41.9, "h": 0.26, "b": 0.113, "tw": 0.0094, "tf": 0.0141, "r1": 0.0094, "r2": 0.0056, "A": 0.00533, "d": 0.2089, "FI": "M 12", "Pmin": 0.062, "Pmax": 0.062, "AL": 0.906, "AG": 21.65, "Iz": 5.74e-05, "Wzel": 0.000442, "Wzpl": 0.000514, "iz": 0.104, "Avy": 0.002608, "Iy": 2.88e-06, "Wyel": 5.1e-05, "Wypl": 8.59e-05, "iy": 0.0232, "Ss": 0.0526, "It": 3.35e-07, "E": 210000000000.0, "nu": 0.3}, "IPN_280": {"nmb": "IPN_280", "P": 47.9, "h": 0.28, "b": 0.119, "tw": 0.0101, "tf": 0.0152, "r1": 0.0101, "r2": 0.0061, "A": 0.0061, "d": 0.2251, "FI": "M 12", "Pmin": 0.068, "Pmax": 0.068, "AL": 0.966, "AG": 20.17, "Iz": 7.59e-05, "Wzel": 0.000542, "Wzpl": 0.000632, "iz": 0.111, "Avy": 0.003018, "Iy": 3.64e-06, "Wyel": 6.12e-05, "Wypl": 0.000103, "iy": 0.0245, "Ss": 0.0564, "It": 4.42e-07, "E": 210000000000.0, "nu": 0.3}, "IPN_300": {"nmb": "IPN_300", "P": 54.2, "h": 0.3, "b": 0.125, "tw": 0.0108, "tf": 0.0162, "r1": 0.0108, "r2": 0.0065, "A": 0.0069, "d": 0.2416, "FI": "M 12", "Pmin": 0.07, "Pmax": 0.074, "AL": 1.03, "AG": 19.02, "Iz": 9.8e-05, "Wzel": 0.000653, "Wzpl": 0.000762, "iz": 0.119, "Avy": 0.003458, "Iy": 4.51e-06, "Wyel": 7.22e-05, "Wypl": 0.000121, "iy": 0.0256, "Ss": 0.0601, "It": 5.68e-07, "E": 210000000000.0, "nu": 0.3}, "IPN_320": {"nmb": "IPN_320", "P": 61, "h": 0.32, "b": 0.131, "tw": 0.0115, "tf": 0.0173, "r1": 0.0115, "r2": 0.0069, "A": 0.00777, "d": 0.2579, "FI": "M 12", "Pmin": 0.07, "Pmax": 0.08, "AL": 1.09, "AG": 17.87, "Iz": 0.0001251, "Wzel": 0.000782, "Wzpl": 0.000914, "iz": 0.127, "Avy": 0.003926, "Iy": 5.55e-06, "Wyel": 8.47e-05, "Wypl": 0.000143, "iy": 0.0267, "Ss": 0.0639, "It": 7.25e-07, "E": 210000000000.0, "nu": 0.3}, "IPN_340": {"nmb": "IPN_340", "P": 68, "h": 0.34, "b": 0.137, "tw": 0.0122, "tf": 0.0183, "r1": 0.0122, "r2": 0.0073, "A": 0.00867, "d": 0.2743, "FI": "M 12", "Pmin": 0.078, "Pmax": 0.086, "AL": 1.15, "AG": 16.9, "Iz": 0.000157, "Wzel": 0.000923, "Wzpl": 0.00108, "iz": 0.135, "Avy": 0.004427, "Iy": 6.74e-06, "Wyel": 9.84e-05, "Wypl": 0.000166, "iy": 0.028, "Ss": 0.0676, "It": 9.04e-07, "E": 210000000000.0, "nu": 0.3}, "IPN_360": {"nmb": "IPN_360", "P": 76.1, "h": 0.36, "b": 0.143, "tw": 0.013, "tf": 0.0195, "r1": 0.013, "r2": 0.0078, "A": 0.0097, "d": 0.2902, "FI": "M 12", "Pmin": 0.078, "Pmax": 0.092, "AL": 1.21, "AG": 15.89, "Iz": 0.0001961, "Wzel": 0.00109, "Wzpl": 0.001276, "iz": 0.142, "Avy": 0.004995, "Iy": 8.18e-06, "Wyel": 0.000114, "Wypl": 0.000194, "iy": 0.029, "Ss": 0.0718, "It": 1.15e-06, "E": 210000000000.0, "nu": 0.3}, "IPN_380": {"nmb": "IPN_380", "P": 84, "h": 0.38, "b": 0.149, "tw": 0.0137, "tf": 0.0205, "r1": 0.0137, "r2": 0.0082, "A": 0.0107, "d": 0.3067, "FI": "M 16", "Pmin": 0.084, "Pmax": 0.086, "AL": 1.27, "AG": 15.12, "Iz": 0.0002401, "Wzel": 0.00126, "Wzpl": 0.001482, "iz": 0.15, "Avy": 0.005555, "Iy": 9.75e-06, "Wyel": 0.000131, "Wypl": 0.000221, "iy": 0.0302, "Ss": 0.0754, "It": 1.41e-06, "E": 210000000000.0, "nu": 0.3}, "IPN_400": {"nmb": "IPN_400", "P": 92.4, "h": 0.4, "b": 0.155, "tw": 0.0144, "tf": 0.0216, "r1": 0.0144, "r2": 0.0086, "A": 0.0118, "d": 0.3229, "FI": "M 16", "Pmin": 0.086, "Pmax": 0.092, "AL": 1.33, "AG": 14.36, "Iz": 0.0002921, "Wzel": 0.00146, "Wzpl": 0.001714, "iz": 0.157, "Avy": 0.006169, "Iy": 1.16e-05, "Wyel": 0.000149, "Wypl": 0.000253, "iy": 0.0313, "Ss": 0.0793, "It": 1.7e-06, "E": 210000000000.0, "nu": 0.3}, "IPN_450": {"nmb": "IPN_450", "P": 115, "h": 0.45, "b": 0.17, "tw": 0.0162, "tf": 0.0243, "r1": 0.0162, "r2": 0.0097, "A": 0.0147, "d": 0.3636, "FI": "M 16", "Pmin": 0.092, "Pmax": 0.106, "AL": 1.48, "AG": 12.83, "Iz": 0.0004585, "Wzel": 0.00204, "Wzpl": 0.0024, "iz": 0.177, "Avy": 0.007779, "Iy": 1.73e-05, "Wyel": 0.000203, "Wypl": 0.000345, "iy": 0.0343, "Ss": 0.0889, "It": 2.67e-06, "E": 210000000000.0, "nu": 0.3}, "IPN_500": {"nmb": "IPN_500", "P": 141, "h": 0.5, "b": 0.185, "tw": 0.018, "tf": 0.027, "r1": 0.018, "r2": 0.0108, "A": 0.0179, "d": 0.4043, "FI": "M 20", "Pmin": 0.102, "Pmax": 0.11, "AL": 1.63, "AG": 11.6, "Iz": 0.0006874, "Wzel": 0.00275, "Wzpl": 0.00324, "iz": 0.196, "Avy": 0.00956, "Iy": 2.48e-05, "Wyel": 0.000268, "Wypl": 0.000456, "iy": 0.0372, "Ss": 0.0985, "It": 4.02e-06, "E": 210000000000.0,