{"UPN_80": {"nmb": "UPN_80", "P": 8.65, "h": 0.08, "b": 0.045, "tw": 0.006, "tf": 0.008, "r1": 0.008, "r2": 0.004, "A": 0.001102, "d": 0.047, "FI": "-", "Pmin": null, "Pmax": null, "AL": 0.321, "AG": 37.1, "Iz": 1.06e-06, "Wzel": 2.66e-05, "Wzpl": 3.23e-05, "iz": 0.031, "Avy": 0.00049, "Iy": 1.94e-07, "Wyel": 6.38e-06, "Wypl": 1.19e-05, "iy": 0.0133, "Ss": 0.0194, "It": 2.2e-08, "Iw": 1.8e-17, "zs": 0.0142, "zm": 0.0265, "E": 210000000000.0, "nu": 0.3}, "UPN_100": {"nmb": "UPN_100", "P": 10.6, "h": 0.1, "b": 0.05, "tw": 0.006, "tf": 0.0085, "r1": 0.0085, "r2": 0.0045, "A": 0.00135, "d": 0.064, "FI": "-", "Pmin": null, "Pmax": null, "AL": 0.372, "AG": 35.1, "Iz": 2.06e-06, "Wzel": 4.12e-05, "Wzpl": 4.9e-05, "iz": 0.0391, "Avy": 0.000646, "Iy": 2.93e-07, "Wyel": 8.49e-06, "Wypl": 1.62e-05, "iy": 0.0147, "Ss": 0.0203, "It": 2.81e-08, "Iw": 4.1e-17, "zs": 0.0155, "zm": 0.0293, "E": 210000000000.0, "nu": 0.3}, "UPN_120": {"nmb": "UPN_120", "P": 13.4, "h": 0.12, "b": 0.055, "tw": 0.007, "tf": 0.009, "r1": 0.009, "r2": 0.0045, "A": 0.0017, "d": 0.082, "FI": "-", "Pmin": null, "Pmax": null, "AL": 0.434, "AG": 32.52, "Iz": 3.64e-06, "Wzel": 6.07e-05, "Wzpl": 7.26e-05, "iz": 0.0462, "Avy": 0.00088, "Iy": 4.32e-07, "Wyel": 1.11e-05, "Wypl": 2.12e-05, "iy": 0.0159, "Ss": 0.0222, "It": 4.15e-08, "Iw": 9e-17, "zs": 0.016, "zm": 0.0303, "E": 210000000000.0, "nu": 0.3}, "UPN_140": {"nmb": "UPN_140", "P": 16, "h": 0.14, "b": 0.06, "tw": 0.007, "tf": 0.01, "r1": 0.01, "r2": 0.005, "A": 0.00204, "d": 0.098, "FI": "M 12", "Pmin": 0.033, "Pmax": 0.037, "AL": 0.489, "AG": 30.54, "Iz": 6.05e-06, "Wzel": 8.64e-05, "Wzpl": 0.000103, "iz": 0.0545, "Avy": 0.001041, "Iy": 6.27e-07, "Wyel": 1.48e-05, "Wypl": 2.83e-05, "iy": 0.0175, "Ss": 0.0239, "It": 5.68e-08, "Iw": 1.8e-16, "zs": 0.0175, "zm": 0.0337, "E": 210000000000.0, "nu": 0.3}, "UPN_160": {"nmb": "UPN_160", "P": 18.8, "h": 0.16, "b": 0.065, "tw": 0.0075, "tf": 0.0105, "r1": 0.0105, "r2": 0.0055, "A": 0.0024, "d": 0.115, "FI": "M 12", "Pmin": 0.034, "Pmax": 0.042, "AL": 0.546, "AG": 28.98, "Iz": 9.25e-06, "Wzel": 0.000116, "Wzpl": 0.000138, "iz": 0.0621, "Avy": 0.00126, "Iy": 8.53e-07, "Wyel": 1.83e-05, "Wypl": 3.52e-05, "iy": 0.0189, "Ss": 0.0253, "It": 7.39e-08, "Iw": 3.26e-16, "zs": 0.0184, "zm": 0.0356, "E": 210000000000.0, "nu": 0.3}, "UPN_180": {"nmb": "UPN_180", "P": 22, "h": 0.18, "b": 0.07, "tw": 0.008, "tf": 0.011, "r1": 0.011, "r2": 0.0055, "A": 0.0028, "d": 0.133, "FI": "M 16", "Pmin": 0.038, "Pmax": 0.041, "AL": 0.611, "AG": 27.8, "Iz": 1.35e-05, "Wzel": 0.00015, "Wzpl": 0.000179, "iz": 0.0695, "Avy": 0.001509, "Iy": 1.14e-06, "Wyel": 2.24e-05, "Wypl": 4.29e-05, "iy": 0.0202, "Ss": 0.0267, "It": 9.55e-08, "Iw": 5.57e-16, "zs": 0.0192, "zm": 0.0375, "E": 210000000000.0, "nu": 0.3}, "UPN_200": {"nmb": "UPN_200", "P": 25.3, "h": 0.2, "b": 0.075, "tw": 0.0085, "tf": 0.0115, "r1": 0.0115, "r2": 0.006, "A": 0.00322, "d": 0.151, "FI": "M 16", "Pmin": 0.039, "Pmax": 0.046, "AL": 0.661, "AG": 26.15, "Iz": 1.91e-05, "Wzel": 0.000191, "Wzpl": 0.000228, "iz": 0.077, "Avy": 0.001771, "Iy": 1.48e-06, "Wyel": 2.7e-05, "Wypl": 5.18e-05, "iy": 0.0214, "Ss": 0.0281, "It": 1.19e-07, "Iw": 9.07e-16, "zs": 0.0201, "zm": 0.0394, "E": 210000000000.0, "nu": 0.3}, "UPN_220": {"nmb": "UPN_220", "P": 29.4, "h": 0.22, "b": 0.08, "tw": 0.009, "tf": 0.0125, "r1": 0.0125, "r2": 0.0065, "A": 0.00374, "d": 0.167, "FI": "M 16", "Pmin": 0.04, "Pmax": 0.051, "AL": 0.718, "AG": 24.46, "Iz": 2.69e-05, "Wzel": 0.000245, "Wzpl": 0.000292, "iz": 0.0848, "Avy": 0.002062, "Iy": 1.97e-06, "Wyel": 3.36e-05, "Wypl": 6.41e-05, "iy": 0.023, "Ss": 0.0303, "It": 1.6e-07, "Iw": 1.46e-15, "zs": 0.0214, "zm": 0.042, "E": 210000000000.0, "nu": 0.3}, "UPN_240": {"nmb": "UPN_240", "P": 33.2, "h": 0.24, "b": 0.085, "tw": 0.0095, "tf": 0.013, "r1": 0.013, "r2": 0.0065, "A": 0.00423, "d": 0.184, "FI": "M 20", "Pmin": 0.046, "Pmax": 0.05, "AL": 0.775, "AG": 23.34, "Iz": 3.6e-05, "Wzel": 0.0003, "Wzpl": 0.000358, "iz": 0.0922, "Avy": 0.002371, "Iy": 2.48e-06, "Wyel": 3.96e-05, "Wypl": 7.57e-05, "iy": 0.0242, "Ss": 0.0317, "It": 1.97e-07, "Iw": 2.21e-15, "zs": 0.0223, "zm": 0.0439, "E": 210000000000.0, "nu": 0.3}, "UPN_260": {"nmb": "UPN_260", "P": 37.9, "h": 0.26, "b": 0.09, "tw": 0.01, "tf": 0.014, "r1": 0.014, "r2": 0.007, "A": 0.00483, "d": 0.2, "FI": "M 22", "Pmin": 0.05, "Pmax": 0.052, "AL": 0.834, "AG": 22, "Iz": 4.82e-05, "Wzel": 0.000371, "Wzpl": 0.000442, "iz": 0.0999, "Avy": 0.002712, "Iy": 3.17e-06, "Wyel": 4.77e-05, "Wypl": 9.16e-05, "iy": 0.0256, "Ss": 0.0339, "It": 2.55e-07, "Iw": 3.33e-15, "zs": 0.0236, "zm": 0.0466, "E": 210000000000.0, "nu": 0.3}, "UPN_280": {"nmb": "UPN_280", "P": 41.8, "h": 0.28, "b": 0.095, "tw": 0.01, "tf": 0.015, "r1": 0.015, "r2": 0.0075, "A": 0.00533, "d": 0.216, "FI": "M 22", "Pmin": 0.052, "Pmax": 0.057, "AL": 0.89, "AG": 21.27, "Iz": 6.28e-05, "Wzel": 0.000448, "Wzpl": 0.000532, "iz": 0.109, "Avy": 0.002928, "Iy": 3.99e-06, "Wyel": 5.72e-05, "Wypl": 0.000109, "iy": 0.0274, "Ss": 0.0356, "It": 3.1e-07, "Iw": 4.85e-15, "zs": 0.0253, "zm": 0.0502, "E": 210000000000.0, "nu": 0.3}, "UPN_300": {"nmb": "UPN_300", "P": 46.2, "h": 0.3, "b": 0.1, "tw": 0.01, "tf": 0.016, "r1": 0.016, "r2": 0.008, "A": 0.00588, "d": 0.232, "FI": "M 24", "Pmin": 0.055, "Pmax": 0.059, "AL": 0.95, "AG": 20.58, "Iz": 8.03e-05, "Wzel": 0.000535, "Wzpl": 0.000632, "iz": 0.117, "Avy": 0.003177, "Iy": 4.95e-06, "Wyel": 6.78e-05, "Wypl": 0.00013, "iy": 0.029, "Ss": 0.0373, "It": 3.74e-07, "Iw": 6.91e-15, "zs": 0.027, "zm": 0.0541, "E": 210000000000.0, "nu": 0.3}, "UPN_320": {"nmb": "UPN_320", "P": 59.5, "h": 0.32, "b": 0.1, "tw": 0.014, "tf": 0.0175, "r1": 0.0175, "r2": 0.00875, "A": 0.00758, "d": 0.246, "FI": "M 22", "Pmin": 0.058, "Pmax": 0.062, "AL": 0.982, "AG": 16.5, "Iz": 0.0001087, "Wzel": 0.000679, "Wzpl": 0.000826, "iz": 0.121, "Avy": 0.004711, "Iy": 5.97e-06, "Wyel": 8.06e-05, "Wypl": 0.000152, "iy": 0.0281, "Ss": 0.043, "It": 6.67e-07, "Iw": 9.61e-15, "zs": 0.026, "zm": 0.0482, "E": 210000000000.0, "nu": 0.3}, "UPN_350": {"nmb": "UPN_350", "P": 60.6, "h": 0.35, "b": 0.1, "tw": 0.014, "tf": 0.016, "r1": 0.016, "r2": 0.008, "A": 0.00773, "d": 0.282, "FI": "M 22", "Pmin": 0.056, "Pmax": 0.062, "AL": 1.047, "AG": 17.25, "Iz": 0.0001284, "Wzel": 0.000734, "Wzpl": 0.000918, "iz": 0.129, "Avy": 0.005084, "Iy": 5.7e-06, "Wyel": 7.5e-05, "Wypl": 0.000143, "iy": 0.0272, "Ss": 0.0407, "It": 6.12e-07, "Iw": 1.14e-14, "zs": 0.024, "zm": 0.0445, "E": 210000000000.0, "nu": 0.3}, "UPN_380": {"nmb": "UPN_380", "P": 63.1, "h": 0.38, "b": 0.102, "tw": 0.0135, "tf": 0.016, "r1": 0.016, "r2": 0.008, "A": 0.00804, "d": 0.313, "FI": "M 24", "Pmin": 0.059, "Pmax": 0.06, "AL": 1.11, "AG": 17.59, "Iz": 0.0001576, "Wzel": 0.000829, "Wzpl": 0.001014, "iz": 0.14, "Avy": 0.005323, "Iy": 6.15e-06, "Wyel": 7.87e-05, "Wypl": 0.000148, "iy": 0.0277, "Ss": 0.0403, "It": 5.91e-07, "Iw": 1.46e-14, "zs": 0.0238, "zm": 0.0458, "E": 210000000000.0, "nu": 0.3}, "UPN_400": {"nmb": "UPN_400", "P": 71.8, "h": 0.4, "b": 0.11, "tw": 0.014, "tf": 0.018, "r1": 0.018, "r2": 0.009, "A": 0.00915, "d": 0.324, "FI": "M 27", "Pmin": 0.061, "Pmax": 0.062, "AL": 1.182, "AG": 16.46, "Iz": 0.0002035, "Wzel": 0.00102, "Wzpl": 0.00124, "iz": 0.149, "Avy": 0.005855, "Iy": 8.46e-06, "Wyel": 0.000102, "Wypl": 0.00019, "iy": 0.0304, "Ss": 0.044, "It": 8.16e-07, "Iw": 2.21e-14, "zs": 0.0265, "zm": 0.0511, "E": 210000000000.0, "nu": 0.3}}