{"RAIL_54E1": {"nmb": "RAIL_54E1", "equivalentName": "UIC 54 ", "P": 54.77, "h": 0.159, "head_width": 0.07, "t": 0.016, "foot_width": 0.014, "Ix": 2.3379e-05, "Iy": 4.192e-06, "E": 210000000000.0, "nu": 0.3, "Iz": 2.3379e-05, "A": 0.006977070063694268}, "RAIL_54E4": {"nmb": "RAIL_54E4", "equivalentName": "\u2013 ", "P": 54.31, "h": 0.154, "head_width": 0.067, "t": 0.016, "foot_width": 0.0125, "Ix": 2.0561999999999997e-05, "Iy": 3.527e-06, "E": 210000000000.0, "nu": 0.3, "Iz": 2.0561999999999997e-05, "A": 0.006918471337579618}, "RAIL_56E1": {"nmb": "RAIL_56E1", "equivalentName": "BS 113Ib ", "P": 56.3, "h": 0.15875, "head_width": 0.06985, "t": 0.02, "foot_width": 0.014, "Ix": 2.321e-05, "Iy": 4.216e-06, "E": 210000000000.0, "nu": 0.3, "Iz": 2.321e-05, "A": 0.007171974522292993}, "RAIL_60E1": {"nmb": "RAIL_60E1", "equivalentName": "UIC 60 ", "P": 60.21, "h": 0.17200000000000001, "head_width": 0.07200000000000001, "t": 0.0165, "foot_width": 0.015000000000000001, "Ix": 3.0383000000000004e-05, "Iy": 5.123e-06, "E": 210000000000.0, "nu": 0.3, "Iz": 3.0383000000000004e-05, "A": 0.007670063694267516}, "RAIL_60E2": {"nmb": "RAIL_60E2", "equivalentName": "\u2013 ", "P": 60.03, "h": 0.17200000000000001, "head_width": 0.07200000000000001, "t": 0.0165, "foot_width": 0.015000000000000001, "Ix": 3.0215e-05, "Iy": 5.105e-06, "E": 210000000000.0, "nu": 0.3, "Iz": 3.0215e-05, "A": 0.007647133757961784}}