{"MP": {"MP_60.3x5.5": {"nmb": "MP_60.3x5.5", "D": 0.0603, "e": 0.0055, "P": 8.0, "A": 0.000947, "slendernessRatio": 10.9636363636364, "Iz": 3.59018697534313e-07, "iz": 0.0194707887109027, "Wzel": 1.19077511620004e-05, "Wzpl": 1.65721783333333e-05, "It": 7.18037395068626e-07, "Wt": 2.38155023240009e-05, "AL": 0.189438037011464, "AG": 23.6797546264331, "Iy": 3.59018697534313e-07, "iy": 0.0194707887109027, "Wyel": 1.19077511620004e-05, "Wypl": 1.65721783333333e-05, "E": 210000000000.0, "nu": 0.3}, "MP_73x6": {"nmb": "MP_73x6", "D": 0.073, "e": 0.006, "P": 11.0, "A": 0.001263, "slendernessRatio": 12.1666666666667, "Iz": 7.14339264564064e-07, "iz": 0.0237821210809074, "Wzel": 1.95709387551798e-05, "Wzpl": 2.7006e-05, "It": 1.42867852912813e-06, "Wt": 3.91418775103597e-05, "AL": 0.229336263712055, "AG": 20.8487512465504, "Iy": 7.14339264564064e-07, "iy": 0.0237821210809074, "Wyel": 1.95709387551798e-05, "Wypl": 2.7006e-05, "E": 210000000000.0, "nu": 0.3}, "MP_88.9x7": {"nmb": "MP_88.9x7", "D": 0.0889, "e": 0.007, "P": 14.0, "A": 0.001801, "slendernessRatio": 12.7, "Iz": 1.52114522715587e-06, "iz": 0.0290621997303743, "Wzel": 3.42214899247664e-05, "Wzpl": 4.70676033333333e-05, "It": 3.04229045431173e-06, "Wt": 6.84429798495328e-05, "AL": 0.279287586904133, "AG": 19.9491133502952, "Iy": 1.52114522715587e-06, "iy": 0.0290621997303743, "Wyel": 3.42214899247664e-05, "Wypl": 4.70676033333333e-05, "E": 210000000000.0, "nu": 0.3}, "MP_88.9x7.5": {"nmb": "MP_88.9x7.5", "D": 0.0889, "e": 0.0075, "P": 15.5202389568466, "A": 0.00191794231501657, "slendernessRatio": 11.8533333333333, "Iz": 1.60201166460336e-06, "iz": 0.0289011461710431, "Wzel": 3.60407573589057e-05, "Wzpl": 4.9835325e-05, "It": 3.20402332920672e-06, "Wt": 7.20815147178114e-05, "AL": 0.279287586904133, "AG": 17.9950571431716, "Iy": 1.60201166460336e-06, "iy": 0.0289011461710431, "Wyel": 3.60407573589057e-05, "Wypl": 4.9835325e-05, "E": 210000000000.0, "nu": 0.3}, "MP_88.9x9": {"nmb": "MP_88.9x9", "D": 0.0889, "e": 0.009, "P": 19.0, "A": 0.002259, "slendernessRatio": 9.87777777777778, "Iz": 1.82565358978345e-06, "iz": 0.0284283119403913, "Wzel": 4.10720717611576e-05, "Wzpl": 5.769909e-05, "It": 3.65130717956691e-06, "Wt": 8.21441435223151e-05, "AL": 0.279287586904133, "AG": 14.6993466791649, "Iy": 1.82565358978345e-06, "iy": 0.0284283119403913, "Wyel": 4.10720717611576e-05, "Wypl": 5.769909e-05, "E": 210000000000.0, "nu": 0.3}, "MP_101.6x7": {"nmb": "MP_101.6x7", "D": 0.1016, "e": 0.007, "P": 17.0, "A": 0.00208, "slendernessRatio": 14.5142857142857, "Iz": 2.33992950369736e-06, "iz": 0.0335405144198297, "Wzel": 4.60616044034913e-05, "Wzpl": 6.27584533333334e-05, "It": 4.67985900739471e-06, "Wt": 9.21232088069826e-05, "AL": 0.319185813604723, "AG": 18.7756360943955, "Iy": 2.33992950369736e-06, "iy": 0.0335405144198297, "Wyel": 4.60616044034913e-05, "Wypl": 6.27584533333334e-05, "E": 210000000000.0, "nu": 0.3}, "MP_101.6x9": {"nmb": "MP_101.6x9", "D": 0.1016, "e": 0.009, "P": 21.0, "A": 0.002618, "slendernessRatio": 11.2888888888889, "Iz": 2.83281744343735e-06, "iz": 0.0328945896354856, "Wzel": 5.576412290231e-05, "Wzpl": 7.741584e-05, "It": 5.6656348868747e-06, "Wt": 0.00011152824580462, "AL": 0.319185813604723, "AG": 15.1993244573678, "Iy": 2.83281744343735e-06, "iy": 0.0328945896354856, "Wyel": 5.576412290231e-05, "Wypl": 7.741584e-05, "E": 210000000000.0, "nu": 0.3}, "MP_114.3x7": {"nmb": "MP_114.3x7", "D": 0.1143, "e": 0.007, "P": 19.0, "A": 0.00236, "slendernessRatio": 16.3285714285714, "Iz": 3.41037004973262e-06, "iz": 0.0380141033692951, "Wzel": 5.96740166182436e-05, "Wzpl": 8.07073633333333e-05, "It": 6.82074009946525e-06, "Wt": 0.000119348033236487, "AL": 0.359084040305313, "AG": 18.8991600160691, "Iy": 3.41037004973262e-06, "iy": 0.0380141033692951, "Wyel": 5.96740166182436e-05, "Wypl": 8.07073633333333e-05, "E": 210000000000.0, "nu": 0.3}, "MP_114.3x8": {"nmb": "MP_114.3x8", "D": 0.1143, "e": 0.008, "P": 22.0, "A": 0.002672, "slendernessRatio": 14.2875, "Iz": 3.79491903780371e-06, "iz": 0.0376862591791035, "Wzel": 6.64027828137133e-05, "Wzpl": 9.05681866666666e-05, "It": 7.58983807560743e-06, "Wt": 0.000132805565627427, "AL": 0.359084040305313, "AG": 16.3220018320597, "Iy": 3.79491903780371e-06, "iy": 0.0376862591791035, "Wyel": 6.64027828137133e-05, "Wypl": 9.05681866666666e-05, "E": 210000000000.0, "nu": 0.3}, "MP_114.3x9": {"nmb": "MP_114.3x9", "D": 0.1143, "e": 0.009, "P": 24.0, "A": 0.002977, "slendernessRatio": 12.7, "Iz": 4.15669880690114e-06, "iz": 0.037366709962253, "Wzel": 7.27331374785851e-05, "Wzpl": 0.00010003581, "It": 8.31339761380228e-06, "Wt": 0.00014546627495717, "AL": 0.359084040305313, "AG": 14.9618350127214, "Iy": 4.15669880690114e-06, "iy": 0.037366709962253, "Wyel": 7.27331374785851e-05, "Wypl": 0.00010003581, "E": 210000000000.0, "nu": 0.3}, "MP_127x9": {"nmb": "MP_127x9", "D": 0.127, "e": 0.009, "P": 28.0, "A": 0.003336, "slendernessRatio": 14.1111111111111, "Iz": 5.84073517882045e-06, "iz": 0.0418427998313683, "Wzel": 9.19800815562276e-05, "Wzpl": 0.000125559, "It": 1.16814703576409e-05, "Wt": 0.000183960163112455, "AL": 0.398982267005904, "AG": 14.2493666787823, "Iy": 5.84073517882045e-06, "iy": 0.0418427998313683, "Wyel": 9.19800815562276e-05, "Wypl": 0.000125559, "E": 210000000000.0, "nu": 0.3}, "MP_139.7x9": {"nmb": "MP_139.7x9", "D": 0.1397, "e": 0.009, "P": 31.0, "A": 0.003695, "slendernessRatio": 15.5222222222222, "Iz": 7.92836405784092e-06, "iz": 0.0463217086498741, "Wzel": 0.000113505569904666, "Wzpl": 0.00015398541, "It": 1.58567281156818e-05, "Wt": 0.000227011139809332, "AL": 0.438880493706494, "AG": 14.1574352808546, "Iy": 7.92836405784092e-06, "iy": 0.0463217086498741, "Wyel": 0.000113505569904666, "Wypl": 0.00015398541, "E": 210000000000.0, "nu": 0.3}, "MP_139.7x11": {"nmb": "MP_139.7x11", "D": 0.1397, "e": 0.011, "P": 36.0, "A": 0.004448, "slendernessRatio": 12.7, "Iz": 9.27575479832945e-06, "iz": 0.0456659230543017, "Wzel": 0.000132795344285318, "Wzpl": 0.000182644256666667, "It": 1.85515095966589e-05, "Wt": 0.000265590688570636, "AL": 0.438880493706494, "AG": 12.1911248251804, "Iy": 9.27575479832945e-06, "iy": 0.0456659230543017, "Wyel": 0.000132795344285318, "Wypl": 0.000182644256666667, "E": 210000000000.0, "nu": 0.3}, "MP_177.8x9": {"nmb": "MP_177.8x9", "D": 0.1778, "e": 0.009, "P": 38.0, "A": 0.004773, "slendernessRatio": 19.7555555555556, "Iz": 1.70471807239656e-05, "iz": 0.0597627489017082, "Wzel": 0.00019175681354292, "Wzpl": 0.00025668396, "It": 3.40943614479312e-05, "Wt": 0.00038351362708584, "AL": 0.558575173808265, "AG": 14.6993466791649, "Iy": 1.70471807239656e-05, "iy": 0.0597627489017082, "Wyel": 0.00019175681354292, "Wypl": 0.00025668396, "E": 210000000000.0, "nu": 0.3}, "MP_177.8x10.5": {"nmb": "MP_177.8x10.5", "D": 0.1778, "e": 0.0105, "P": 44.5, "A": 0.005519, "slendernessRatio": 16.9333333333333, "Iz": 1.93840417324091e-05, "iz": 0.0592641378754851, "Wzel": 0.000218043214087842, "Wzpl": 0.00029427342, "It": 3.87680834648183e-05, "Wt": 0.000436086428175684, "AL": 0.558575173808265, "AG": 12.552251096815, "Iy": 1.93840417324091e-05, "iy": 0.0592641378754851, "Wyel": 0.000218043214087842, "Wypl": 0.00029427342, "E": 210000000000.0, "nu": 0.3}}}