{"100x150_16": {"a": 0.1, "b": 0.15, "ti": 0.008, "ts": 0.003, "number_of_layers": 2}, "100x150_24": {"a": 0.1, "b": 0.15, "ti": 0.008, "ts": 0.003, "number_of_layers": 3}, "100x200_16": {"a": 0.1, "b": 0.2, "ti": 0.008, "ts": 0.003, "number_of_layers": 2}, "100x200_24": {"a": 0.1, "b": 0.2, "ti": 0.008, "ts": 0.003, "number_of_layers": 3}, "150x200_16": {"a": 0.15, "b": 0.2, "ti": 0.008, "ts": 0.003, "number_of_layers": 2}, "150x200_24": {"a": 0.15, "b": 0.2, "ti": 0.008, "ts": 0.003, "number_of_layers": 3}, "150x200_32": {"a": 0.15, "b": 0.2, "ti": 0.008, "ts": 0.003, "number_of_layers": 4}, "150x250_16": {"a": 0.15, "b": 0.25, "ti": 0.008, "ts": 0.003, "number_of_layers": 2}, "150x250_24": {"a": 0.15, "b": 0.25, "ti": 0.008, "ts": 0.003, "number_of_layers": 3}, "150x250_32": {"a": 0.15, "b": 0.25, "ti": 0.008, "ts": 0.003, "number_of_layers": 4}, "150x300_16": {"a": 0.15, "b": 0.3, "ti": 0.008, "ts": 0.003, "number_of_layers": 2}, "150x300_24": {"a": 0.15, "b": 0.3, "ti": 0.008, "ts": 0.003, "number_of_layers": 3}, "150x300_32": {"a": 0.15, "b": 0.3, "ti": 0.008, "ts": 0.003, "number_of_layers": 4}, "200x250_24": {"a": 0.2, "b": 0.25, "ti": 0.008, "ts": 0.003, "number_of_layers": 3}, "200x250_32": {"a": 0.2, "b": 0.25, "ti": 0.008, "ts": 0.003, "number_of_layers": 4}, "200x250_40": {"a": 0.2, "b": 0.25, "ti": 0.008, "ts": 0.003, "number_of_layers": 5}, "200x250_48": {"a": 0.2, "b": 0.25, "ti": 0.008, "ts": 0.003, "number_of_layers": 6}, "200x300_24": {"a": 0.2, "b": 0.3, "ti": 0.008, "ts": 0.003, "number_of_layers": 3}, "200x300_32": {"a": 0.2, "b": 0.3, "ti": 0.008, "ts": 0.003, "number_of_layers": 4}, "200x300_40": {"a": 0.2, "b": 0.3, "ti": 0.008, "ts": 0.003, "number_of_layers": 5}, "200x300_48": {"a": 0.2, "b": 0.3, "ti": 0.008, "ts": 0.003, "number_of_layers": 6}, "200x350_24": {"a": 0.2, "b": 0.35000000000000003, "ti": 0.008, "ts": 0.003, "number_of_layers": 3}, "200x350_32": {"a": 0.2, "b": 0.35000000000000003, "ti": 0.008, "ts": 0.003, "number_of_layers": 4}, "200x350_40": {"a": 0.2, "b": 0.35000000000000003, "ti": 0.008, "ts": 0.003, "number_of_layers": 5}, "200x350_48": {"a": 0.2, "b": 0.35000000000000003, "ti": 0.008, "ts": 0.003, "number_of_layers": 6}, "200x400_24": {"a": 0.2, "b": 0.4, "ti": 0.008, "ts": 0.003, "number_of_layers": 3}, "200x400_32": {"a": 0.2, "b": 0.4, "ti": 0.008, "ts": 0.003, "number_of_layers": 4}, "200x400_40": {"a": 0.2, "b": 0.4, "ti": 0.008, "ts": 0.003, "number_of_layers": 5}, "200x400_48": {"a": 0.2, "b": 0.4, "ti": 0.008, "ts": 0.003, "number_of_layers": 6}, "250x300_24": {"a": 0.25, "b": 0.3, "ti": 0.008, "ts": 0.003, "number_of_layers": 3}, "250x300_32": {"a": 0.25, "b": 0.3, "ti": 0.008, "ts": 0.003, "number_of_layers": 4}, "250x300_40": {"a": 0.25, "b": 0.3, "ti": 0.008, "ts": 0.003, "number_of_layers": 5}, "250x300_48": {"a": 0.25, "b": 0.3, "ti": 0.008, "ts": 0.003, "number_of_layers": 6}, "250x300_56": {"a": 0.25, "b": 0.3, "ti": 0.008, "ts": 0.003, "number_of_layers": 7}, "250x400_24": {"a": 0.25, "b": 0.4, "ti": 0.008, "ts": 0.003, "number_of_layers": 3}, "250x400_32": {"a": 0.25, "b": 0.4, "ti": 0.008, "ts": 0.003, "number_of_layers": 4}, "250x400_40": {"a": 0.25, "b": 0.4, "ti": 0.008, "ts": 0.003, "number_of_layers": 5}, "250x400_48": {"a": 0.25, "b": 0.4, "ti": 0.008, "ts": 0.003, "number_of_layers": 6}, "250x400_56": {"a": 0.25, "b": 0.4, "ti": 0.008, "ts": 0.003, "number_of_layers": 7}, "300x400_36": {"a": 0.3, "b": 0.4, "ti": 0.012, "ts": 0.004, "number_of_layers": 3}, "300x400_48": {"a": 0.3, "b": 0.4, "ti": 0.012, "ts": 0.004, "number_of_layers": 4}, "300x400_60": {"a": 0.3, "b": 0.4, "ti": 0.012, "ts": 0.004, "number_of_layers": 5}, "300x400_72": {"a": 0.3, "b": 0.4, "ti": 0.012, "ts": 0.004, "number_of_layers": 6}, "300x500_36": {"a": 0.3, "b": 0.5, "ti": 0.012, "ts": 0.004, "number_of_layers": 3}, "300x500_48": {"a": 0.3, "b": 0.5, "ti": 0.012, "ts": 0.004, "number_of_layers": 4}, "300x500_60": {"a": 0.3, "b": 0.5, "ti": 0.012, "ts": 0.004, "number_of_layers": 5}, "300x500_72": {"a": 0.3, "b": 0.5, "ti": 0.012, "ts": 0.004, "number_of_layers": 6}, "300x600_36": {"a": 0.3, "b": 0.6, "ti": 0.012, "ts": 0.004, "number_of_layers": 3}, "300x600_48": {"a": 0.3, "b": 0.6, "ti": 0.012, "ts": 0.004, "number_of_layers": 4}, "300x600_60": {"a": 0.3, "b": 0.6, "ti": 0.012, "ts": 0.004, "number_of_layers": 5}, "300x600_72": {"a": 0.3, "b": 0.6, "ti": 0.012, "ts": 0.004, "number_of_layers": 6}, "350x450_36": {"a": 0.35000000000000003, "b": 0.45, "ti": 0.012, "ts": 0.004, "number_of_layers": 3}, "350x450_48": {"a": 0.35000000000000003, "b": 0.45, "ti": 0.012, "ts": 0.004, "number_of_layers": 4}, "350x450_60": {"a": 0.35000000000000003, "b": 0.45, "ti": 0.012, "ts": 0.004, "number_of_layers": 5}, "350x450_72": {"a": 0.35000000000000003, "b": 0.45, "ti": 0.012, "ts": 0.004, "number_of_layers": 6}, "350x450_84": {"a": 0.35000000000000003, "b": 0.45, "ti": 0.012, "ts": 0.004, "number_of_layers": 7}, "400x500_48": {"a": 0.4, "b": 0.5, "ti": 0.012, "ts": 0.004, "number_of_layers": 4}, "400x500_60": {"a": 0.4, "b": 0.5, "ti": 0.012, "ts": 0.004, "number_of_layers": 5}, "400x500_72": {"a": 0.4, "b": 0.5, "ti": 0.012, "ts": 0.004, "number_of_layers": 6}, "400x500_84": {"a": 0.4, "b": 0.5, "ti": 0.012, "ts": 0.004, "number_of_layers": 7}, "400x500_96": {"a": 0.4, "b": 0.5, "ti": 0.012, "ts": 0.004, "number_of_layers": 8}, "400x600_48": {"a": 0.4, "b": 0.6, "ti": 0.012, "ts": 0.004, "number_of_layers": 4}, "400x600_60": {"a": 0.4, "b": 0.6, "ti": 0.012, "ts": 0.004, "number_of_layers": 5}, "400x600_72": {"a": 0.4, "b": 0.6, "ti": 0.012, "ts": 0.004, "number_of_layers": 6}, "400x600_84": {"a": 0.4, "b": 0.6, "ti": 0.012, "ts": 0.004, "number_of_layers": 7}, "400x600_96": {"a": 0.4, "b": 0.6, "ti": 0.012, "ts": 0.004, "number_of_layers": 8}, "450x600_48": {"a": 0.45, "b": 0.6, "ti": 0.012, "ts": 0.004, "number_of_layers": 4}, "450x600_60": {"a": 0.45, "b": 0.6, "ti": 0.012, "ts": 0.004, "number_of_layers": 5}, "450x600_72": {"a": 0.45, "b": 0.6, "ti": 0.012, "ts": 0.004, "number_of_layers": 6}, "450x600_84": {"a": 0.45, "b": 0.6, "ti": 0.012, "ts": 0.004, "number_of_layers": 7}, "450x600_96": {"a": 0.45, "b": 0.6, "ti": 0.012, "ts": 0.004, "number_of_layers": 8}, "450x600_108": {"a": 0.45, "b": 0.6, "ti": 0.012, "ts": 0.004, "number_of_layers": 9}, "500x600_48": {"a": 0.5, "b": 0.6, "ti": 0.012, "ts": 0.004, "number_of_layers": 4}, "500x600_60": {"a": 0.5, "b": 0.6, "ti": 0.012, "ts": 0.004, "number_of_layers": 5}, "500x600_72": {"a": 0.5, "b": 0.6, "ti": 0.012, "ts": 0.004, "number_of_layers": 6}, "500x600_84": {"a": 0.5, "b": 0.6, "ti": 0.012, "ts": 0.004, "number_of_layers": 7}, "500x600_96": {"a": 0.5, "b": 0.6, "ti": 0.012, "ts": 0.004, "number_of_layers": 8}, "500x600_108": {"a": 0.5, "b": 0.6, "ti": 0.012, "ts": 0.004, "number_of_layers": 9}, "500x600_120": {"a": 0.5, "b": 0.6, "ti": 0.012, "ts": 0.004, "number_of_layers": 10}, "600x600_64": {"a": 0.6, "b": 0.6, "ti": 0.016, "ts": 0.005, "number_of_layers": 4}, "600x600_80": {"a": 0.6, "b": 0.6, "ti": 0.016, "ts": 0.005, "number_of_layers": 5}, "600x600_96": {"a": 0.6, "b": 0.6, "ti": 0.016, "ts": 0.005, "number_of_layers": 6}, "600x600_112": {"a": 0.6, "b": 0.6, "ti": 0.016, "ts": 0.005, "number_of_layers": 7}, "600x600_128": {"a": 0.6, "b": 0.6, "ti": 0.016, "ts": 0.005, "number_of_layers": 8}, "600x600_144": {"a": 0.6, "b": 0.6, "ti": 0.016, "ts": 0.005, "number_of_layers": 9}, "600x700_64": {"a": 0.6, "b": 0.7000000000000001, "ti": 0.016, "ts": 0.005, "number_of_layers": 4}, "600x700_80": {"a": 0.6, "b": 0.7000000000000001, "ti": 0.016, "ts": 0.005, "number_of_layers": 5}, "600x700_96": {"a": 0.6, "b": 0.7000000000000001, "ti": 0.016, "ts": 0.005, "number_of_layers": 6}, "600x700_112": {"a": 0.6, "b": 0.7000000000000001, "ti": 0.016, "ts": 0.005, "number_of_layers": 7}, "600x700_128": {"a": 0.6, "b": 0.7000000000000001, "ti": 0.016, "ts": 0.005, "number_of_layers": 8}, "600x700_144": {"a": 0.6, "b": 0.7000000000000001, "ti": 0.016, "ts": 0.005,