{"D200_16": {"diam": 0.2, "ti": 0.008, "ts": 0.003, "number_of_layers": 2}, "D200_24": {"diam": 0.2, "ti": 0.008, "ts": 0.003, "number_of_layers": 3}, "D200_32": {"diam": 0.2, "ti": 0.008, "ts": 0.003, "number_of_layers": 4}, "D250_16": {"diam": 0.25, "ti": 0.008, "ts": 0.003, "number_of_layers": 2}, "D250_24": {"diam": 0.25, "ti": 0.008, "ts": 0.003, "number_of_layers": 3}, "D250_32": {"diam": 0.25, "ti": 0.008, "ts": 0.003, "number_of_layers": 4}, "D300_24": {"diam": 0.3, "ti": 0.008, "ts": 0.003, "number_of_layers": 3}, "D300_32": {"diam": 0.3, "ti": 0.008, "ts": 0.003, "number_of_layers": 4}, "D300_40": {"diam": 0.3, "ti": 0.008, "ts": 0.003, "number_of_layers": 5}, "D300_48": {"diam": 0.3, "ti": 0.008, "ts": 0.003, "number_of_layers": 6}, "D350_24": {"diam": 0.35000000000000003, "ti": 0.008, "ts": 0.003, "number_of_layers": 3}, "D350_32": {"diam": 0.35000000000000003, "ti": 0.008, "ts": 0.003, "number_of_layers": 4}, "D350_40": {"diam": 0.35000000000000003, "ti": 0.008, "ts": 0.003, "number_of_layers": 5}, "D350_48": {"diam": 0.35000000000000003, "ti": 0.008, "ts": 0.003, "number_of_layers": 6}, "D350_56": {"diam": 0.35000000000000003, "ti": 0.008, "ts": 0.003, "number_of_layers": 7}, "D400_36": {"diam": 0.4, "ti": 0.012, "ts": 0.004, "number_of_layers": 3}, "D400_48": {"diam": 0.4, "ti": 0.012, "ts": 0.004, "number_of_layers": 4}, "D400_60": {"diam": 0.4, "ti": 0.012, "ts": 0.004, "number_of_layers": 5}, "D400_72": {"diam": 0.4, "ti": 0.012, "ts": 0.004, "number_of_layers": 6}, "D450_36": {"diam": 0.45, "ti": 0.012, "ts": 0.004, "number_of_layers": 3}, "D450_48": {"diam": 0.45, "ti": 0.012, "ts": 0.004, "number_of_layers": 4}, "D450_60": {"diam": 0.45, "ti": 0.012, "ts": 0.004, "number_of_layers": 5}, "D450_72": {"diam": 0.45, "ti": 0.012, "ts": 0.004, "number_of_layers": 6}, "D500_36": {"diam": 0.5, "ti": 0.012, "ts": 0.004, "number_of_layers": 3}, "D500_48": {"diam": 0.5, "ti": 0.012, "ts": 0.004, "number_of_layers": 4}, "D500_60": {"diam": 0.5, "ti": 0.012, "ts": 0.004, "number_of_layers": 5}, "D500_72": {"diam": 0.5, "ti": 0.012, "ts": 0.004, "number_of_layers": 6}, "D500_84": {"diam": 0.5, "ti": 0.012, "ts": 0.004, "number_of_layers": 7}, "D550_48": {"diam": 0.55, "ti": 0.012, "ts": 0.004, "number_of_layers": 4}, "D550_60": {"diam": 0.55, "ti": 0.012, "ts": 0.004, "number_of_layers": 5}, "D550_72": {"diam": 0.55, "ti": 0.012, "ts": 0.004, "number_of_layers": 6}, "D550_84": {"diam": 0.55, "ti": 0.012, "ts": 0.004, "number_of_layers": 7}, "D550_96": {"diam": 0.55, "ti": 0.012, "ts": 0.004, "number_of_layers": 8}, "D600_48": {"diam": 0.6, "ti": 0.012, "ts": 0.004, "number_of_layers": 4}, "D600_60": {"diam": 0.6, "ti": 0.012, "ts": 0.004, "number_of_layers": 5}, "D600_72": {"diam": 0.6, "ti": 0.012, "ts": 0.004, "number_of_layers": 6}, "D600_84": {"diam": 0.6, "ti": 0.012, "ts": 0.004, "number_of_layers": 7}, "D600_96": {"diam": 0.6, "ti": 0.012, "ts": 0.004, "number_of_layers": 8}, "D600_108": {"diam": 0.6, "ti": 0.012, "ts": 0.004, "number_of_layers": 9}, "D650_48": {"diam": 0.65, "ti": 0.012, "ts": 0.004, "number_of_layers": 4}, "D650_60": {"diam": 0.65, "ti": 0.012, "ts": 0.004, "number_of_layers": 5}, "D650_72": {"diam": 0.65, "ti": 0.012, "ts": 0.004, "number_of_layers": 6}, "D650_84": {"diam": 0.65, "ti": 0.012, "ts": 0.004, "number_of_layers": 7}, "D650_96": {"diam": 0.65, "ti": 0.012, "ts": 0.004, "number_of_layers": 8}, "D650_108": {"diam": 0.65, "ti": 0.012, "ts": 0.004, "number_of_layers": 9}, "D650_120": {"diam": 0.65, "ti": 0.012, "ts": 0.004, "number_of_layers": 10}, "D700_64": {"diam": 0.7000000000000001, "ti": 0.016, "ts": 0.005, "number_of_layers": 4}, "D700_80": {"diam": 0.7000000000000001, "ti": 0.016, "ts": 0.005, "number_of_layers": 5}, "D700_96": {"diam": 0.7000000000000001, "ti": 0.016, "ts": 0.005, "number_of_layers": 6}, "D700_112": {"diam": 0.7000000000000001, "ti": 0.016, "ts": 0.005, "number_of_layers": 7}, "D700_128": {"diam": 0.7000000000000001, "ti": 0.016, "ts": 0.005, "number_of_layers": 8}, "D700_144": {"diam": 0.7000000000000001, "ti": 0.016, "ts": 0.005, "number_of_layers": 9}, "D750_64": {"diam": 0.75, "ti": 0.016, "ts": 0.005, "number_of_layers": 4}, "D750_80": {"diam": 0.75, "ti": 0.016, "ts": 0.005, "number_of_layers": 5}, "D750_96": {"diam": 0.75, "ti": 0.016, "ts": 0.005, "number_of_layers": 6}, "D750_112": {"diam": 0.75, "ti": 0.016, "ts": 0.005, "number_of_layers": 7}, "D750_128": {"diam": 0.75, "ti": 0.016, "ts": 0.005, "number_of_layers": 8}, "D750_144": {"diam": 0.75, "ti": 0.016, "ts": 0.005, "number_of_layers": 9}, "D800_64": {"diam": 0.8, "ti": 0.016, "ts": 0.005, "number_of_layers": 4}, "D800_80": {"diam": 0.8, "ti": 0.016, "ts": 0.005, "number_of_layers": 5}, "D800_96": {"diam": 0.8, "ti": 0.016, "ts": 0.005, "number_of_layers": 6}, "D800_112": {"diam": 0.8, "ti": 0.016, "ts": 0.005, "number_of_layers": 7}, "D800_128": {"diam": 0.8, "ti": 0.016, "ts": 0.005, "number_of_layers": 8}, "D800_144": {"diam": 0.8, "ti": 0.016, "ts": 0.005, "number_of_layers": 9}, "D800_160": {"diam": 0.8, "ti": 0.016, "ts": 0.005, "number_of_layers": 10}, "D850_64": {"diam": 0.85, "ti": 0.016, "ts": 0.005, "number_of_layers": 4}, "D850_80": {"diam": 0.85, "ti": 0.016, "ts": 0.005, "number_of_layers": 5}, "D850_96": {"diam": 0.85, "ti": 0.016, "ts": 0.005, "number_of_layers": 6}, "D850_112": {"diam": 0.85, "ti": 0.016, "ts": 0.005, "number_of_layers": 7}, "D850_128": {"diam": 0.85, "ti": 0.016, "ts": 0.005, "number_of_layers": 8}, "D850_144": {"diam": 0.85, "ti": 0.016, "ts": 0.005, "number_of_layers": 9}, "D850_160": {"diam": 0.85, "ti": 0.016, "ts": 0.005, "number_of_layers": 10}, "D900_80": {"diam": 0.9, "ti": 0.02, "ts": 0.005, "number_of_layers": 4}, "D900_100": {"diam": 0.9, "ti": 0.02, "ts": 0.005, "number_of_layers": 5}, "D900_120": {"diam": 0.9, "ti": 0.02, "ts": 0.005, "number_of_layers": 6}, "D900_140": {"diam": 0.9, "ti": 0.02, "ts": 0.005, "number_of_layers": 7}, "D900_160": {"diam": 0.9, "ti": 0.02, "ts": 0.005, "number_of_layers": 8}, "D900_180": {"diam": 0.9, "ti": 0.02, "ts": 0.005, "number_of_layers": 9}, "D900_200": {"diam": 0.9, "ti": 0.02, "ts": 0.005, "number_of_layers": 10}, "D900_220": {"diam": 0.9, "ti": 0.02, "ts": 0.005, "number_of_layers": 11}}