{"PRI-20_241": {"nmb": "PRI-20 ", "b": 0.0381, "h": 0.241, "EI": 378815.533464192, "Mr": 3416.6612180736, "Vr": 4982.008192, "Ir": 7561.97672, "ER_44_wo_stiff": 3692.023928, "ER_44_stiff": 3692.023928, "ER_102_wo_stiff": 4982.008192, "ER_102_stiff": 4982.008192, "VLCr": 29187.8057742782, "K": 21974214.704}, "PRI-30_241": {"nmb": "PRI-30 ", "b": 0.0381, "h": 0.241, "EI": 456300.528945504, "Mr": 4372.512868368, "Vr": 4982.008192, "Ir": 8473.862148, "ER_44_wo_stiff": 4203.569412, "ER_44_stiff": 4203.569412, "ER_102_wo_stiff": 4982.008192, "ER_102_stiff": 4982.008192, "VLCr": 29187.8057742782, "K": 21974214.704}, "PRI-40_241": {"nmb": "PRI-40 ", "b": 0.0635, "h": 0.241, "EI": 528045.895131904, "Mr": 3708.1620759648, "Vr": 4982.008192, "Ir": 9608.158656, "ER_44_wo_stiff": 4804.079328, "ER_44_stiff": 4804.079328, "ER_102_wo_stiff": 4982.008192, "ER_102_stiff": 4982.008192, "VLCr": 29187.8057742782, "K": 21974214.704}, "PRI-50_241": {"nmb": "PRI-50 ", "b": 0.04445, "h": 0.241, "EI": 533785.524426816, "Mr": 5152.108185984, "Vr": 4982.008192, "Ir": 9074.372064, "ER_44_wo_stiff": 4514.944924, "ER_44_stiff": 4514.944924, "ER_102_wo_stiff": 4982.008192, "ER_102_stiff": 4982.008192, "VLCr": 29187.8057742782, "K": 21974214.704}, "PRI-60_241": {"nmb": "PRI-60 ", "b": 0.0635, "h": 0.241, "EI": 628489.407792864, "Mr": 5124.9918271104, "Vr": 4982.008192, "Ir": 9608.158656, "ER_44_wo_stiff": 4804.079328, "ER_44_stiff": 4804.079328, "ER_102_wo_stiff": 4982.008192, "ER_102_stiff": 4982.008192, "VLCr": 29187.8057742782, "K": 21974214.704}, "PRI-20_302": {"nmb": "PRI-20 ", "b": 0.0381, "h": 0.302, "EI": 645708.2956776, "Mr": 4426.7455861152, "Vr": 6316.474672, "Ir": 7561.97672, "ER_44_wo_stiff": 3692.023928, "ER_44_stiff": 3692.023928, "ER_102_wo_stiff": 6316.474672, "ER_102_stiff": 6316.474672, "VLCr": 29187.8057742782, "K": 27490009.488}, "PRI-30_302": {"nmb": "PRI-30 ", "b": 0.0381, "h": 0.302, "EI": 777719.769460576, "Mr": 5653.7608251456, "Vr": 6316.474672, "Ir": 8473.862148, "ER_44_wo_stiff": 4203.569412, "ER_44_stiff": 4203.569412, "ER_102_wo_stiff": 6316.474672, "ER_102_stiff": 6316.474672, "VLCr": 29187.8057742782, "K": 27490009.488}, "PRI-40_302": {"nmb": "PRI-40 ", "b": 0.0635, "h": 0.302, "EI": 898251.984653728, "Mr": 4806.3746103456, "Vr": 6316.474672, "Ir": 11120.554, "ER_44_wo_stiff": 5337.86592, "ER_44_stiff": 5337.86592, "ER_102_wo_stiff": 6316.474672, "ER_102_stiff": 6316.474672, "VLCr": 29187.8057742782, "K": 27490009.488}, "PRI-50_302": {"nmb": "PRI-50 ", "b": 0.04445, "h": 0.302, "EI": 906861.428596096, "Mr": 6663.8451931872, "Vr": 6316.474672, "Ir": 9074.372064, "ER_44_wo_stiff": 4514.944924, "ER_44_stiff": 4514.944924, "ER_102_wo_stiff": 6316.474672, "ER_102_stiff": 6316.474672, "VLCr": 29187.8057742782, "K": 27490009.488}, "PRI-60_302": {"nmb": "PRI-60 ", "b": 0.0635, "h": 0.302, "EI": 1064701.23420618, "Mr": 6643.507924032, "Vr": 6316.474672, "Ir": 11120.554, "ER_44_wo_stiff": 5337.86592, "ER_44_stiff": 5337.86592, "ER_102_wo_stiff": 6316.474672, "ER_102_stiff": 6316.474672, "VLCr": 29187.8057742782, "K": 27490009.488}, "PRI-70_302": {"nmb": "PRI-70", "b": 0.0587375, "h": 0.302, "EI": 1193842.8933417, "Mr": 8941.6193385696, "Vr": 6316.474672, "Ir": 10386.597436, "ER_44_wo_stiff": 5159.937056, "ER_44_stiff": 5159.937056, "ER_102_wo_stiff": 6316.474672, "ER_102_stiff": 6316.474672, "VLCr": 29187.8057742782, "K": 27490009.488}, "PRI-80_302": {"nmb": "PRI-80 ", "b": 0.0889, "h": 0.302, "EI": 1486563.98738221, "Mr": 9409.3765291392, "Vr": 6316.474672, "Ir": 12277.091616, "ER_44_wo_stiff": 5693.723648, "ER_44_stiff": 5693.723648, "ER_102_wo_stiff": 6316.474672, "ER_102_stiff": 6316.474672, "VLCr": 29187.8057742782, "K": 27490009.488}, "PRI-90_302": {"nmb": "PRI-90 ", "b": 0.0889, "h": 0.302, "EI": 1638664.16369738, "Mr": 11890.5233660736, "Vr": 8562.82658, "Ir": 14923.783468, "ER_44_wo_stiff": 6227.51024, "ER_44_stiff": 6227.51024, "ER_102_wo_stiff": 8384.897716, "ER_102_stiff": 8562.82658, "VLCr": 29187.8057742782, "K": 27490009.488}, "PRI-40_356": {"nmb": "PRI-40 ", "b": 0.0635, "h": 0.356, "EI": 1317244.9231823, "Mr": 5789.3426195136, "Vr": 7606.458936, "Ir": 11120.554, "ER_44_wo_stiff": 5337.86592, "ER_44_stiff": 5337.86592, "ER_102_wo_stiff": 6894.74348, "ER_102_stiff": 7606.458936, "VLCr": 29187.8057742782, "K": 32383053.248}, "PRI-50_356": {"nmb": "PRI-50 ", "b": 0.04445, "h": 0.356, "EI": 1328724.18177213, "Mr": 7945.0931499648, "Vr": 7606.458936, "Ir": 9074.372064, "ER_44_wo_stiff": 4514.944924, "ER_44_stiff": 4514.944924, "ER_102_wo_stiff": 6894.74348, "ER_102_stiff": 7606.458936, "VLCr": 29187.8057742782, "K": 32383053.248}, "PRI-60_356": {"nmb": "PRI-60 ", "b": 0.0635, "h": 0.356, "EI": 1561179.16821606, "Mr": 7992.5467779936, "Vr": 7606.458936, "Ir": 11120.554, "ER_44_wo_stiff": 5337.86592, "ER_44_stiff": 5337.86592, "ER_102_wo_stiff": 6894.74348, "ER_102_stiff": 7606.458936, "VLCr": 29187.8057742782, "K": 32383053.248}, "PRI-70_356": {"nmb": "PRI-70", "b": 0.0587375, "h": 0.356, "EI": 1747717.1203007, "Mr": 10663.5081270432, "Vr": 7606.458936, "Ir": 10386.597436, "ER_44_wo_stiff": 5159.937056, "ER_44_stiff": 5159.937056, "ER_102_wo_stiff": 6894.74348, "ER_102_stiff": 7606.458936, "VLCr": 29187.8057742782, "K": 32383053.248}, "PRI-80_356": {"nmb": "PRI-80 ", "b": 0.0889, "h": 0.356, "EI": 2169579.87347674, "Mr": 11334.6380091648, "Vr": 7606.458936, "Ir": 13433.629232, "ER_44_wo_stiff": 5693.723648, "ER_44_stiff": 5693.723648, "ER_102_wo_stiff": 6894.74348, "ER_102_stiff": 7606.458936, "VLCr": 29187.8057742782, "K": 32383053.248}, "PRI-90_356": {"nmb": "PRI-90 ", "b": 0.0889, "h": 0.356, "EI": 2387685.78668339, "Mr": 14181.8556908928, "Vr": 9452.4709, "Ir": 14923.783468, "ER_44_wo_stiff": 6227.51024, "ER_44_stiff": 6227.51024, "ER_102_wo_stiff": 8384.897716, "ER_102_stiff": 9452.4709, "VLCr": 29187.8057742782, "K": 32383053.248}, "PRI-40_406": {"nmb": "PRI-40 ", "b": 0.0635, "h": 0.406, "EI": 1793634.15466, "Mr": 6711.298821216, "Vr": 8762.996552, "Ir": 11120.554, "ER_44_wo_stiff": 5337.86592, "ER_44_stiff": 5337.86592, "ER_102_wo_stiff": 6894.74348, "ER_102_stiff": 8762.996552, "VLCr": 29187.8057742782, "K": 37009203.712}, "PRI-50_406": {"nmb": "PRI-50 ", "b": 0.04445, "h": 0.406, "EI": 1807983.22789728, "Mr": 9104.3174918112, "Vr": 8762.996552, "Ir": 9074.372064, "ER_44_wo_stiff": 4514.944924, "ER_44_stiff": 4514.944924, "ER_102_wo_stiff": 6894.74348, "ER_102_stiff": 8762.996552, "VLCr": 29187.8057742782, "K": 37009203.712}, "PRI-60_406": {"nmb": "PRI-60 ", "b": 0.0635, "h": 0.406, "EI": 2120793.02446998, "Mr": 9267.0156450528, "Vr": 8762.996552, "Ir": 11120.554, "ER_44_wo_stiff": 5337.86592, "ER_44_stiff": 5337.86592, "ER_102_wo_stiff": 6894.74348, "ER_102_stiff": 8762.996552, "VLCr": 29187.8057742782, "K": 37009203.712}, "PRI-70_406": {"nmb": "PRI-70", "b": 0.0587375, "h": 0.406, "EI": 2370466.89879866, "Mr": 12215.9196725568, "Vr": 8762.996552, "Ir": 10386.597436, "ER_44_wo_stiff": 5159.937056, "ER_44_stiff": 5159.937056, "ER_102_wo_stiff": 6894.74348, "ER_102_stiff": 8762.996552, "VLCr": 29187.8057742782, "K": 37009203.712}, "PRI-80_406": {"nmb": "PRI-80 ", "b": 0.0889, "h": 0.406, "EI": 2938690.19899494, "Mr": 13137.8758742592, "Vr": 8762.996552, "Ir": 13433.629232, "ER_44_wo_stiff": 5693.723648, "ER_44_stiff": 5693.723648, "ER_102_wo_stiff": 6894.74348, "ER_102_stiff": 8762.996552, "VLCr": 29187.8057742782, "K": 37009203.712}, "PRI-90_406": {"nmb": "PRI-90 ", "b": 0.0889, "h": 0.406, "EI": 3231411.29303546, "Mr": 16249.4780550048, "Vr": 10364.356328, "Ir": 14923.783468, "ER_44_wo_stiff": 6227.51024, "ER_44_stiff": 6227.51024, "ER_102_wo_stiff": 8384.897716, "ER_102_stiff": 10364.356328, "VLCr": 29187.8057742782, "K": 37009203.712}}